InvoiceId,InvoiceLineId,invoicedate,CustomerId,TrackId,GenreId,ArtistId,BillingCountry,Quantity,UnitPrice,revenue
1,1,2009-01-01,2,2,1,2,Germany,1,0.99,0.99
1,2,2009-01-01,2,4,1,2,Germany,1,0.99,0.99
2,3,2009-01-02,4,6,1,1,Norway,1,0.99,0.99
2,4,2009-01-02,4,8,1,1,Norway,1,0.99,0.99
2,5,2009-01-02,4,10,1,1,Norway,1,0.99,0.99
2,6,2009-01-02,4,12,1,1,Norway,1,0.99,0.99
3,7,2009-01-03,8,16,1,1,Belgium,1,0.99,0.99
3,8,2009-01-03,8,20,1,1,Belgium,1,0.99,0.99
3,9,2009-01-03,8,24,1,3,Belgium,1,0.99,0.99
3,10,2009-01-03,8,28,1,3,Belgium,1,0.99,0.99
3,11,2009-01-03,8,32,1,3,Belgium,1,0.99,0.99
3,12,2009-01-03,8,36,1,3,Belgium,1,0.99,0.99
4,13,2009-01-06,14,42,1,4,Canada,1,0.99,0.99
4,14,2009-01-06,14,48,1,4,Canada,1,0.99,0.99
4,15,2009-01-06,14,54,1,5,Canada,1,0.99,0.99
4,16,2009-01-06,14,60,1,5,Canada,1,0.99,0.99
4,17,2009-01-06,14,66,2,6,Canada,1,0.99,0.99
4,18,2009-01-06,14,72,2,6,Canada,1,0.99,0.99
4,19,2009-01-06,14,78,3,7,Canada,1,0.99,0.99
4,20,2009-01-06,14,84,3,7,Canada,1,0.99,0.99
4,21,2009-01-06,14,90,1,8,Canada,1,0.99,0.99
5,22,2009-01-11,23,99,4,8,USA,1,0.99,0.99
5,23,2009-01-11,23,108,4,8,USA,1,0.99,0.99
5,24,2009-01-11,23,117,5,9,USA,1,0.99,0.99
5,25,2009-01-11,23,126,2,10,USA,1,0.99,0.99
5,26,2009-01-11,23,135,3,11,USA,1,0.99,0.99
5,27,2009-01-11,23,144,3,11,USA,1,0.99,0.99
5,28,2009-01-11,23,153,3,12,USA,1,0.99,0.99
5,29,2009-01-11,23,162,3,12,USA,1,0.99,0.99
5,30,2009-01-11,23,171,4,13,USA,1,0.99,0.99
5,31,2009-01-11,23,180,4,13,USA,1,0.99,0.99
5,32,2009-01-11,23,189,3,14,USA,1,0.99,0.99
5,33,2009-01-11,23,198,6,15,USA,1,0.99,0.99
5,34,2009-01-11,23,207,7,16,USA,1,0.99,0.99
5,35,2009-01-11,23,216,7,16,USA,1,0.99,0.99
6,36,2009-01-19,37,230,7,17,Germany,1,0.99,0.99
7,37,2009-02-01,38,231,7,17,Germany,1,0.99,0.99
7,38,2009-02-01,38,232,7,17,Germany,1,0.99,0.99
8,39,2009-02-01,40,234,7,17,France,1,0.99,0.99
8,40,2009-02-01,40,236,7,17,France,1,0.99,0.99
9,41,2009-02-02,42,238,7,17,France,1,0.99,0.99
9,42,2009-02-02,42,240,7,17,France,1,0.99,0.99
9,43,2009-02-02,42,242,7,17,France,1,0.99,0.99
9,44,2009-02-02,42,244,7,17,France,1,0.99,0.99
10,45,2009-02-03,46,248,7,18,Ireland,1,0.99,0.99
10,46,2009-02-03,46,252,7,18,Ireland,1,0.99,0.99
10,47,2009-02-03,46,256,7,18,Ireland,1,0.99,0.99
10,48,2009-02-03,46,260,7,18,Ireland,1,0.99,0.99
10,49,2009-02-03,46,264,7,18,Ireland,1,0.99,0.99
10,50,2009-02-03,46,268,7,18,Ireland,1,0.99,0.99
11,51,2009-02-06,52,274,7,18,United Kingdom,1,0.99,0.99
11,52,2009-02-06,52,280,7,18,United Kingdom,1,0.99,0.99
11,53,2009-02-06,52,286,8,19,United Kingdom,1,0.99,0.99
11,54,2009-02-06,52,292,8,19,United Kingdom,1,0.99,0.99
11,55,2009-02-06,52,298,8,19,United Kingdom,1,0.99,0.99
11,56,2009-02-06,52,304,8,19,United Kingdom,1,0.99,0.99
11,57,2009-02-06,52,310,8,19,United Kingdom,1,0.99,0.99
11,58,2009-02-06,52,316,7,20,United Kingdom,1,0.99,0.99
11,59,2009-02-06,52,322,7,20,United Kingdom,1,0.99,0.99
12,60,2009-02-11,2,331,9,21,Germany,1,0.99,0.99
12,61,2009-02-11,2,340,1,22,Germany,1,0.99,0.99
12,62,2009-02-11,2,349,1,22,Germany,1,0.99,0.99
12,63,2009-02-11,2,358,1,23,Germany,1,0.99,0.99
12,64,2009-02-11,2,367,10,21,Germany,1,0.99,0.99
12,65,2009-02-11,2,376,7,24,Germany,1,0.99,0.99
12,66,2009-02-11,2,385,7,24,Germany,1,0.99,0.99
12,67,2009-02-11,2,394,7,6,Germany,1,0.99,0.99
12,68,2009-02-11,2,403,7,6,Germany,1,0.99,0.99
12,69,2009-02-11,2,412,3,50,Germany,1,0.99,0.99
12,70,2009-02-11,2,421,1,51,Germany,1,0.99,0.99
12,71,2009-02-11,2,430,1,51,Germany,1,0.99,0.99
12,72,2009-02-11,2,439,1,52,Germany,1,0.99,0.99
12,73,2009-02-11,2,448,1,52,Germany,1,0.99,0.99
13,74,2009-02-19,16,462,2,53,USA,1,0.99,0.99
14,75,2009-03-04,17,463,2,53,USA,1,0.99,0.99
14,76,2009-03-04,17,464,2,53,USA,1,0.99,0.99
15,77,2009-03-04,19,466,2,53,USA,1,0.99,0.99
15,78,2009-03-04,19,468,4,54,USA,1,0.99,0.99
16,79,2009-03-05,21,470,4,54,USA,1,0.99,0.99
16,80,2009-03-05,21,472,4,54,USA,1,0.99,0.99
16,81,2009-03-05,21,474,4,54,USA,1,0.99,0.99
16,82,2009-03-05,21,476,4,54,USA,1,0.99,0.99
17,83,2009-03-06,25,480,4,54,USA,1,0.99,0.99
17,84,2009-03-06,25,484,4,54,USA,1,0.99,0.99
17,85,2009-03-06,25,488,4,54,USA,1,0.99,0.99
17,86,2009-03-06,25,492,1,55,USA,1,0.99,0.99
17,87,2009-03-06,25,496,1,55,USA,1,0.99,0.99
17,88,2009-03-06,25,500,1,55,USA,1,0.99,0.99
18,89,2009-03-09,31,506,7,56,Canada,1,0.99,0.99
18,90,2009-03-09,31,512,7,56,Canada,1,0.99,0.99
18,91,2009-03-09,31,518,7,17,Canada,1,0.99,0.99
18,92,2009-03-09,31,524,7,17,Canada,1,0.99,0.99
18,93,2009-03-09,31,530,4,57,Canada,1,0.99,0.99
18,94,2009-03-09,31,536,4,57,Canada,1,0.99,0.99
18,95,2009-03-09,31,542,4,57,Canada,1,0.99,0.99
18,96,2009-03-09,31,548,1,58,Canada,1,0.99,0.99
18,97,2009-03-09,31,554,1,22,Canada,1,0.99,0.99
19,98,2009-03-14,40,563,7,21,France,1,0.99,0.99
19,99,2009-03-14,40,572,1,59,France,1,0.99,0.99
19,100,2009-03-14,40,581,1,59,France,1,0.99,0.99
19,101,2009-03-14,40,590,7,37,France,1,0.99,0.99
19,102,2009-03-14,40,599,2,68,France,1,0.99,0.99
19,103,2009-03-14,40,608,2,68,France,1,0.99,0.99
19,104,2009-03-14,40,617,2,68,France,1,0.99,0.99
19,105,2009-03-14,40,626,2,69,France,1,0.99,0.99
19,106,2009-03-14,40,635,2,69,France,1,0.99,0.99
19,107,2009-03-14,40,644,2,69,France,1,0.99,0.99
19,108,2009-03-14,40,653,11,70,France,1,0.99,0.99
19,109,2009-03-14,40,662,7,21,France,1,0.99,0.99
19,110,2009-03-14,40,671,7,21,France,1,0.99,0.99
19,111,2009-03-14,40,680,1,76,France,1,0.99,0.99
20,112,2009-03-22,54,694,1,76,United Kingdom,1,0.99,0.99
21,113,2009-04-04,55,695,1,76,Australia,1,0.99,0.99
21,114,2009-04-04,55,696,1,76,Australia,1,0.99,0.99
22,115,2009-04-04,57,698,1,76,Chile,1,0.99,0.99
22,116,2009-04-04,57,700,1,76,Chile,1,0.99,0.99
23,117,2009-04-05,59,702,1,76,India,1,0.99,0.99
23,118,2009-04-05,59,704,1,76,India,1,0.99,0.99
23,119,2009-04-05,59,706,1,76,India,1,0.99,0.99
23,120,2009-04-05,59,708,1,76,India,1,0.99,0.99
24,121,2009-04-06,4,712,1,76,Norway,1,0.99,0.99
24,122,2009-04-06,4,716,7,77,Norway,1,0.99,0.99
24,123,2009-04-06,4,720,7,77,Norway,1,0.99,0.99
24,124,2009-04-06,4,724,7,77,Norway,1,0.99,0.99
24,125,2009-04-06,4,728,7,77,Norway,1,0.99,0.99
24,126,2009-04-06,4,732,7,77,Norway,1,0.99,0.99
25,127,2009-04-09,10,738,7,77,Brazil,1,0.99,0.99
25,128,2009-04-09,10,744,7,77,Brazil,1,0.99,0.99
25,129,2009-04-09,10,750,1,58,Brazil,1,0.99,0.99
25,130,2009-04-09,10,756,1,58,Brazil,1,0.99,0.99
25,131,2009-04-09,10,762,1,58,Brazil,1,0.99,0.99
25,132,2009-04-09,10,768,1,58,Brazil,1,0.99,0.99
25,133,2009-04-09,10,774,1,58,Brazil,1,0.99,0.99
25,134,2009-04-09,10,780,1,58,Brazil,1,0.99,0.99
25,135,2009-04-09,10,786,1,58,Brazil,1,0.99,0.99
26,136,2009-04-14,19,795,1,58,USA,1,0.99,0.99
26,137,2009-04-14,19,804,1,58,USA,1,0.99,0.99
26,138,2009-04-14,19,813,1,58,USA,1,0.99,0.99
26,139,2009-04-14,19,822,1,58,USA,1,0.99,0.99
26,140,2009-04-14,19,831,1,78,USA,1,0.99,0.99
26,141,2009-04-14,19,840,1,78,USA,1,0.99,0.99
26,142,2009-04-14,19,849,2,79,USA,1,0.99,0.99
26,143,2009-04-14,19,858,7,80,USA,1,0.99,0.99
26,144,2009-04-14,19,867,7,80,USA,1,0.99,0.99
26,145,2009-04-14,19,876,7,80,USA,1,0.99,0.99
26,146,2009-04-14,19,885,7,41,USA,1,0.99,0.99
26,147,2009-04-14,19,894,6,81,USA,1,0.99,0.99
26,148,2009-04-14,19,903,6,81,USA,1,0.99,0.99
26,149,2009-04-14,19,912,6,81,USA,1,0.99,0.99
27,150,2009-04-22,33,926,4,82,Canada,1,0.99,0.99
28,151,2009-05-05,34,927,4,82,Portugal,1,0.99,0.99
28,152,2009-05-05,34,928,4,82,Portugal,1,0.99,0.99
29,153,2009-05-05,36,930,4,82,Germany,1,0.99,0.99
29,154,2009-05-05,36,932,4,82,Germany,1,0.99,0.99
30,155,2009-05-06,38,934,4,82,Germany,1,0.99,0.99
30,156,2009-05-06,38,936,4,82,Germany,1,0.99,0.99
30,157,2009-05-06,38,938,4,82,Germany,1,0.99,0.99
30,158,2009-05-06,38,940,4,82,Germany,1,0.99,0.99
31,159,2009-05-07,42,944,4,82,France,1,0.99,0.99
31,160,2009-05-07,42,948,4,82,France,1,0.99,0.99
31,161,2009-05-07,42,952,1,82,France,1,0.99,0.99
31,162,2009-05-07,42,956,1,82,France,1,0.99,0.99
31,163,2009-05-07,42,960,1,82,France,1,0.99,0.99
31,164,2009-05-07,42,964,4,82,France,1,0.99,0.99
32,165,2009-05-10,48,970,4,82,Netherlands,1,0.99,0.99
32,166,2009-05-10,48,976,7,83,Netherlands,1,0.99,0.99
32,167,2009-05-10,48,982,7,83,Netherlands,1,0.99,0.99
32,168,2009-05-10,48,988,7,83,Netherlands,1,0.99,0.99
32,169,2009-05-10,48,994,1,84,Netherlands,1,0.99,0.99
32,170,2009-05-10,48,1000,1,84,Netherlands,1,0.99,0.99
32,171,2009-05-10,48,1006,1,84,Netherlands,1,0.99,0.99
32,172,2009-05-10,48,1012,4,84,Netherlands,1,0.99,0.99
32,173,2009-05-10,48,1018,4,84,Netherlands,1,0.99,0.99
33,174,2009-05-15,57,1027,1,84,Chile,1,0.99,0.99
33,175,2009-05-15,57,1036,12,85,Chile,1,0.99,0.99
33,176,2009-05-15,57,1045,12,85,Chile,1,0.99,0.99
33,177,2009-05-15,57,1054,12,85,Chile,1,0.99,0.99
33,178,2009-05-15,57,1063,7,86,Chile,1,0.99,0.99
33,179,2009-05-15,57,1072,7,86,Chile,1,0.99,0.99
33,180,2009-05-15,57,1081,10,27,Chile,1,0.99,0.99
33,181,2009-05-15,57,1090,7,27,Chile,1,0.99,0.99
33,182,2009-05-15,57,1099,7,27,Chile,1,0.99,0.99
33,183,2009-05-15,57,1108,7,81,Chile,1,0.99,0.99
33,184,2009-05-15,57,1117,7,81,Chile,1,0.99,0.99
33,185,2009-05-15,57,1126,3,87,Chile,1,0.99,0.99
33,186,2009-05-15,57,1135,4,54,Chile,1,0.99,0.99
33,187,2009-05-15,57,1144,4,54,Chile,1,0.99,0.99
34,188,2009-05-23,12,1158,1,88,Brazil,1,0.99,0.99
35,189,2009-06-05,13,1159,1,88,Brazil,1,0.99,0.99
35,190,2009-06-05,13,1160,1,88,Brazil,1,0.99,0.99
36,191,2009-06-05,15,1162,1,88,Canada,1,0.99,0.99
36,192,2009-06-05,15,1164,1,88,Canada,1,0.99,0.99
37,193,2009-06-06,17,1166,1,88,USA,1,0.99,0.99
37,194,2009-06-06,17,1168,1,88,USA,1,0.99,0.99
37,195,2009-06-06,17,1170,1,88,USA,1,0.99,0.99
37,196,2009-06-06,17,1172,1,88,USA,1,0.99,0.99
38,197,2009-06-07,21,1176,3,88,USA,1,0.99,0.99
38,198,2009-06-07,21,1180,3,88,USA,1,0.99,0.99
38,199,2009-06-07,21,1184,3,88,USA,1,0.99,0.99
38,200,2009-06-07,21,1188,2,89,USA,1,0.99,0.99
38,201,2009-06-07,21,1192,2,89,USA,1,0.99,0.99
38,202,2009-06-07,21,1196,2,89,USA,1,0.99,0.99
39,203,2009-06-10,27,1202,1,90,USA,1,0.99,0.99
39,204,2009-06-10,27,1208,1,90,USA,1,0.99,0.99
39,205,2009-06-10,27,1214,3,90,USA,1,0.99,0.99
39,206,2009-06-10,27,1220,3,90,USA,1,0.99,0.99
39,207,2009-06-10,27,1226,3,90,USA,1,0.99,0.99
39,208,2009-06-10,27,1232,3,90,USA,1,0.99,0.99
39,209,2009-06-10,27,1238,1,90,USA,1,0.99,0.99
39,210,2009-06-10,27,1244,1,90,USA,1,0.99,0.99
39,211,2009-06-10,27,1250,13,90,USA,1,0.99,0.99
40,212,2009-06-15,36,1259,1,90,Germany,1,0.99,0.99
40,213,2009-06-15,36,1268,6,90,Germany,1,0.99,0.99
40,214,2009-06-15,36,1277,13,90,Germany,1,0.99,0.99
40,215,2009-06-15,36,1286,13,90,Germany,1,0.99,0.99
40,216,2009-06-15,36,1295,3,90,Germany,1,0.99,0.99
40,217,2009-06-15,36,1304,13,90,Germany,1,0.99,0.99
40,218,2009-06-15,36,1313,1,90,Germany,1,0.99,0.99
40,219,2009-06-15,36,1322,1,90,Germany,1,0.99,0.99
40,220,2009-06-15,36,1331,3,90,Germany,1,0.99,0.99
40,221,2009-06-15,36,1340,3,90,Germany,1,0.99,0.99
40,222,2009-06-15,36,1349,3,90,Germany,1,0.99,0.99
40,223,2009-06-15,36,1358,3,90,Germany,1,0.99,0.99
40,224,2009-06-15,36,1367,1,90,Germany,1,0.99,0.99
40,225,2009-06-15,36,1376,3,90,Germany,1,0.99,0.99
41,226,2009-06-23,50,1390,3,90,Spain,1,0.99,0.99
42,227,2009-07-06,51,1391,3,90,Sweden,1,0.99,0.99
42,228,2009-07-06,51,1392,3,90,Sweden,1,0.99,0.99
43,229,2009-07-06,53,1394,3,90,United Kingdom,1,0.99,0.99
43,230,2009-07-06,53,1396,1,90,United Kingdom,1,0.99,0.99
44,231,2009-07-07,55,1398,1,90,Australia,1,0.99,0.99
44,232,2009-07-07,55,1400,1,90,Australia,1,0.99,0.99
44,233,2009-07-07,55,1402,1,90,Australia,1,0.99,0.99
44,234,2009-07-07,55,1404,1,90,Australia,1,0.99,0.99
45,235,2009-07-08,59,1408,1,90,India,1,0.99,0.99
45,236,2009-07-08,59,1412,1,90,India,1,0.99,0.99
45,237,2009-07-08,59,1416,14,91,India,1,0.99,0.99
45,238,2009-07-08,59,1420,14,91,India,1,0.99,0.99
45,239,2009-07-08,59,1424,14,91,India,1,0.99,0.99
45,240,2009-07-08,59,1428,14,91,India,1,0.99,0.99
46,241,2009-07-11,6,1434,1,92,Czech Republic,1,0.99,0.99
46,242,2009-07-11,6,1440,1,92,Czech Republic,1,0.99,0.99
46,243,2009-07-11,6,1446,14,92,Czech Republic,1,0.99,0.99
46,244,2009-07-11,6,1452,14,92,Czech Republic,1,0.99,0.99
46,245,2009-07-11,6,1458,15,92,Czech Republic,1,0.99,0.99
46,246,2009-07-11,6,1464,15,92,Czech Republic,1,0.99,0.99
46,247,2009-07-11,6,1470,4,93,Czech Republic,1,0.99,0.99
46,248,2009-07-11,6,1476,4,93,Czech Republic,1,0.99,0.99
46,249,2009-07-11,6,1482,1,94,Czech Republic,1,0.99,0.99
47,250,2009-07-16,15,1491,1,94,Canada,1,0.99,0.99
47,251,2009-07-16,15,1500,1,95,Canada,1,0.99,0.99
47,252,2009-07-16,15,1509,7,46,Canada,1,0.99,0.99
47,253,2009-07-16,15,1518,7,46,Canada,1,0.99,0.99
47,254,2009-07-16,15,1527,7,96,Canada,1,0.99,0.99
47,255,2009-07-16,15,1536,16,97,Canada,1,0.99,0.99
47,256,2009-07-16,15,1545,16,97,Canada,1,0.99,0.99
47,257,2009-07-16,15,1554,3,98,Canada,1,0.99,0.99
47,258,2009-07-16,15,1563,1,52,Canada,1,0.99,0.99
47,259,2009-07-16,15,1572,1,52,Canada,1,0.99,0.99
47,260,2009-07-16,15,1581,1,22,Canada,1,0.99,0.99
47,261,2009-07-16,15,1590,1,22,Canada,1,0.99,0.99
47,262,2009-07-16,15,1599,1,22,Canada,1,0.99,0.99
47,263,2009-07-16,15,1608,1,22,Canada,1,0.99,0.99
48,264,2009-07-24,29,1622,1,22,Canada,1,0.99,0.99
49,265,2009-08-06,30,1623,1,22,Canada,1,0.99,0.99
49,266,2009-08-06,30,1624,1,22,Canada,1,0.99,0.99
50,267,2009-08-06,32,1626,1,22,Canada,1,0.99,0.99
50,268,2009-08-06,32,1628,1,22,Canada,1,0.99,0.99
51,269,2009-08-07,34,1630,1,22,Portugal,1,0.99,0.99
51,270,2009-08-07,34,1632,1,22,Portugal,1,0.99,0.99
51,271,2009-08-07,34,1634,1,22,Portugal,1,0.99,0.99
51,272,2009-08-07,34,1636,1,22,Portugal,1,0.99,0.99
52,273,2009-08-08,38,1640,1,22,Germany,1,0.99,0.99
52,274,2009-08-08,38,1644,1,22,Germany,1,0.99,0.99
52,275,2009-08-08,38,1648,1,22,Germany,1,0.99,0.99
52,276,2009-08-08,38,1652,1,22,Germany,1,0.99,0.99
52,277,2009-08-08,38,1656,1,22,Germany,1,0.99,0.99
52,278,2009-08-08,38,1660,1,22,Germany,1,0.99,0.99
53,279,2009-08-11,44,1666,1,22,Finland,1,0.99,0.99
53,280,2009-08-11,44,1672,7,99,Finland,1,0.99,0.99
53,281,2009-08-11,44,1678,7,99,Finland,1,0.99,0.99
53,282,2009-08-11,44,1684,7,99,Finland,1,0.99,0.99
53,283,2009-08-11,44,1690,7,99,Finland,1,0.99,0.99
53,284,2009-08-11,44,1696,7,99,Finland,1,0.99,0.99
53,285,2009-08-11,44,1702,1,100,Finland,1,0.99,0.99
53,286,2009-08-11,44,1708,1,100,Finland,1,0.99,0.99
53,287,2009-08-11,44,1714,1,100,Finland,1,0.99,0.99
54,288,2009-08-16,53,1723,7,101,United Kingdom,1,0.99,0.99
54,289,2009-08-16,53,1732,7,101,United Kingdom,1,0.99,0.99
54,290,2009-08-16,53,1741,7,101,United Kingdom,1,0.99,0.99
54,291,2009-08-16,53,1750,1,102,United Kingdom,1,0.99,0.99
54,292,2009-08-16,53,1759,7,103,United Kingdom,1,0.99,0.99
54,293,2009-08-16,53,1768,7,103,United Kingdom,1,0.99,0.99
54,294,2009-08-16,53,1777,14,104,United Kingdom,1,0.99,0.99
54,295,2009-08-16,53,1786,14,104,United Kingdom,1,0.99,0.99
54,296,2009-08-16,53,1795,1,105,United Kingdom,1,0.99,0.99
54,297,2009-08-16,53,1804,3,50,United Kingdom,1,0.99,0.99
54,298,2009-08-16,53,1813,3,50,United Kingdom,1,0.99,0.99
54,299,2009-08-16,53,1822,3,50,United Kingdom,1,0.99,0.99
54,300,2009-08-16,53,1831,3,50,United Kingdom,1,0.99,0.99
54,301,2009-08-16,53,1840,3,50,United Kingdom,1,0.99,0.99
55,302,2009-08-24,8,1854,3,50,Belgium,1,0.99,0.99
56,303,2009-09-06,9,1855,3,50,Denmark,1,0.99,0.99
56,304,2009-09-06,9,1856,3,50,Denmark,1,0.99,0.99
57,305,2009-09-06,11,1858,3,50,Brazil,1,0.99,0.99
57,306,2009-09-06,11,1860,3,50,Brazil,1,0.99,0.99
58,307,2009-09-07,13,1862,3,50,Brazil,1,0.99,0.99
58,308,2009-09-07,13,1864,3,50,Brazil,1,0.99,0.99
58,309,2009-09-07,13,1866,3,50,Brazil,1,0.99,0.99
58,310,2009-09-07,13,1868,3,50,Brazil,1,0.99,0.99
59,311,2009-09-08,17,1872,3,50,USA,1,0.99,0.99
59,312,2009-09-08,17,1876,3,50,USA,1,0.99,0.99
59,313,2009-09-08,17,1880,3,50,USA,1,0.99,0.99
59,314,2009-09-08,17,1884,3,50,USA,1,0.99,0.99
59,315,2009-09-08,17,1888,3,50,USA,1,0.99,0.99
59,316,2009-09-08,17,1892,3,50,USA,1,0.99,0.99
60,317,2009-09-11,23,1898,3,50,USA,1,0.99,0.99
60,318,2009-09-11,23,1904,2,68,USA,1,0.99,0.99
60,319,2009-09-11,23,1910,2,68,USA,1,0.99,0.99
60,320,2009-09-11,23,1916,7,42,USA,1,0.99,0.99
60,321,2009-09-11,23,1922,7,42,USA,1,0.99,0.99
60,322,2009-09-11,23,1928,7,42,USA,1,0.99,0.99
60,323,2009-09-11,23,1934,7,42,USA,1,0.99,0.99
60,324,2009-09-11,23,1940,7,42,USA,1,0.99,0.99
60,325,2009-09-11,23,1946,3,106,USA,1,0.99,0.99
61,326,2009-09-16,32,1955,3,106,Canada,1,0.99,0.99
61,327,2009-09-16,32,1964,16,108,Canada,1,0.99,0.99
61,328,2009-09-16,32,1973,3,109,Canada,1,0.99,0.99
61,329,2009-09-16,32,1982,3,109,Canada,1,0.99,0.99
61,330,2009-09-16,32,1991,1,110,Canada,1,0.99,0.99
61,331,2009-09-16,32,2000,1,110,Canada,1,0.99,0.99
61,332,2009-09-16,32,2009,1,110,Canada,1,0.99,0.99
61,333,2009-09-16,32,2018,1,111,Canada,1,0.99,0.99
61,334,2009-09-16,32,2027,1,111,Canada,1,0.99,0.99
61,335,2009-09-16,32,2036,7,112,Canada,1,0.99,0.99
61,336,2009-09-16,32,2045,7,113,Canada,1,0.99,0.99
61,337,2009-09-16,32,2054,7,113,Canada,1,0.99,0.99
61,338,2009-09-16,32,2063,7,113,Canada,1,0.99,0.99
61,339,2009-09-16,32,2072,7,113,Canada,1,0.99,0.99
62,340,2009-09-24,46,2086,7,113,Ireland,1,0.99,0.99
63,341,2009-10-07,47,2087,7,113,Italy,1,0.99,0.99
63,342,2009-10-07,47,2088,7,113,Italy,1,0.99,0.99
64,343,2009-10-07,49,2090,7,113,Poland,1,0.99,0.99
64,344,2009-10-07,49,2092,7,113,Poland,1,0.99,0.99
65,345,2009-10-08,51,2094,1,114,Sweden,1,0.99,0.99
65,346,2009-10-08,51,2096,1,114,Sweden,1,0.99,0.99
65,347,2009-10-08,51,2098,1,114,Sweden,1,0.99,0.99
65,348,2009-10-08,51,2100,3,114,Sweden,1,0.99,0.99
66,349,2009-10-09,55,2104,3,114,Australia,1,0.99,0.99
66,350,2009-10-09,55,2108,3,114,Australia,1,0.99,0.99
66,351,2009-10-09,55,2112,3,114,Australia,1,0.99,0.99
66,352,2009-10-09,55,2116,1,115,Australia,1,0.99,0.99
66,353,2009-10-09,55,2120,1,115,Australia,1,0.99,0.99
66,354,2009-10-09,55,2124,1,115,Australia,1,0.99,0.99
67,355,2009-10-12,2,2130,10,116,Germany,1,0.99,0.99
67,356,2009-10-12,2,2136,10,116,Germany,1,0.99,0.99
67,357,2009-10-12,2,2142,1,117,Germany,1,0.99,0.99
67,358,2009-10-12,2,2148,1,117,Germany,1,0.99,0.99
67,359,2009-10-12,2,2154,1,118,Germany,1,0.99,0.99
67,360,2009-10-12,2,2160,1,118,Germany,1,0.99,0.99
67,361,2009-10-12,2,2166,4,118,Germany,1,0.99,0.99
67,362,2009-10-12,2,2172,4,118,Germany,1,0.99,0.99
67,363,2009-10-12,2,2178,1,118,Germany,1,0.99,0.99
68,364,2009-10-17,11,2187,1,118,Brazil,1,0.99,0.99
68,365,2009-10-17,11,2196,1,118,Brazil,1,0.99,0.99
68,366,2009-10-17,11,2205,1,118,Brazil,1,0.99,0.99
68,367,2009-10-17,11,2214,1,118,Brazil,1,0.99,0.99
68,368,2009-10-17,11,2223,8,100,Brazil,1,0.99,0.99
68,369,2009-10-17,11,2232,1,120,Brazil,1,0.99,0.99
68,370,2009-10-17,11,2241,17,121,Brazil,1,0.99,0.99
68,371,2009-10-17,11,2250,17,121,Brazil,1,0.99,0.99
68,372,2009-10-17,11,2259,1,51,Brazil,1,0.99,0.99
68,373,2009-10-17,11,2268,1,51,Brazil,1,0.99,0.99
68,374,2009-10-17,11,2277,1,51,Brazil,1,0.99,0.99
68,375,2009-10-17,11,2286,4,124,Brazil,1,0.99,0.99
68,376,2009-10-17,11,2295,4,124,Brazil,1,0.99,0.99
68,377,2009-10-17,11,2304,1,124,Brazil,1,0.99,0.99
69,378,2009-10-25,25,2318,4,124,USA,1,0.99,0.99
70,379,2009-11-07,26,2319,4,124,USA,1,0.99,0.99
70,380,2009-11-07,26,2320,4,124,USA,1,0.99,0.99
71,381,2009-11-07,28,2322,4,124,USA,1,0.99,0.99
71,382,2009-11-07,28,2324,4,124,USA,1,0.99,0.99
72,383,2009-11-08,30,2326,4,124,Canada,1,0.99,0.99
72,384,2009-11-08,30,2328,4,124,Canada,1,0.99,0.99
72,385,2009-11-08,30,2330,4,124,Canada,1,0.99,0.99
72,386,2009-11-08,30,2332,4,124,Canada,1,0.99,0.99
73,387,2009-11-09,34,2336,4,125,Portugal,1,0.99,0.99
73,388,2009-11-09,34,2340,4,125,Portugal,1,0.99,0.99
73,389,2009-11-09,34,2344,1,126,Portugal,1,0.99,0.99
73,390,2009-11-09,34,2348,1,126,Portugal,1,0.99,0.99
73,391,2009-11-09,34,2352,1,126,Portugal,1,0.99,0.99
73,392,2009-11-09,34,2356,1,126,Portugal,1,0.99,0.99
74,393,2009-11-12,40,2362,4,127,France,1,0.99,0.99
74,394,2009-11-12,40,2368,4,127,France,1,0.99,0.99
74,395,2009-11-12,40,2374,4,127,France,1,0.99,0.99
74,396,2009-11-12,40,2380,1,127,France,1,0.99,0.99
74,397,2009-11-12,40,2386,1,127,France,1,0.99,0.99
74,398,2009-11-12,40,2392,1,127,France,1,0.99,0.99
74,399,2009-11-12,40,2398,1,127,France,1,0.99,0.99
74,400,2009-11-12,40,2404,1,127,France,1,0.99,0.99
74,401,2009-11-12,40,2410,1,128,France,1,0.99,0.99
75,402,2009-11-17,49,2419,1,128,Poland,1,0.99,0.99
75,403,2009-11-17,49,2428,1,59,Poland,1,0.99,0.99
75,404,2009-11-17,49,2437,1,100,Poland,1,0.99,0.99
75,405,2009-11-17,49,2446,1,100,Poland,1,0.99,0.99
75,406,2009-11-17,49,2455,1,130,Poland,1,0.99,0.99
75,407,2009-11-17,49,2464,1,130,Poland,1,0.99,0.99
75,408,2009-11-17,49,2473,4,131,Poland,1,0.99,0.99
75,409,2009-11-17,49,2482,4,131,Poland,1,0.99,0.99
75,410,2009-11-17,49,2491,4,131,Poland,1,0.99,0.99
75,411,2009-11-17,49,2500,4,131,Poland,1,0.99,0.99
75,412,2009-11-17,49,2509,1,132,Poland,1,0.99,0.99
75,413,2009-11-17,49,2518,1,132,Poland,1,0.99,0.99
75,414,2009-11-17,49,2527,2,53,Poland,1,0.99,0.99
75,415,2009-11-17,49,2536,6,133,Poland,1,0.99,0.99
76,416,2009-11-25,4,2550,1,134,Norway,1,0.99,0.99
77,417,2009-12-08,5,2551,1,134,Czech Republic,1,0.99,0.99
77,418,2009-12-08,5,2552,1,134,Czech Republic,1,0.99,0.99
78,419,2009-12-08,7,2554,3,135,Austria,1,0.99,0.99
78,420,2009-12-08,7,2556,3,135,Austria,1,0.99,0.99
79,421,2009-12-09,9,2558,3,135,Denmark,1,0.99,0.99
79,422,2009-12-09,9,2560,3,135,Denmark,1,0.99,0.99
79,423,2009-12-09,9,2562,3,135,Denmark,1,0.99,0.99
79,424,2009-12-09,9,2564,3,135,Denmark,1,0.99,0.99
80,425,2009-12-10,13,2568,1,136,Brazil,1,0.99,0.99
80,426,2009-12-10,13,2572,6,137,Brazil,1,0.99,0.99
80,427,2009-12-10,13,2576,6,137,Brazil,1,0.99,0.99
80,428,2009-12-10,13,2580,6,137,Brazil,1,0.99,0.99
80,429,2009-12-10,13,2584,6,137,Brazil,1,0.99,0.99
80,430,2009-12-10,13,2588,6,137,Brazil,1,0.99,0.99
81,431,2009-12-13,19,2594,4,138,USA,1,0.99,0.99
81,432,2009-12-13,19,2600,4,138,USA,1,0.99,0.99
81,433,2009-12-13,19,2606,4,138,USA,1,0.99,0.99
81,434,2009-12-13,19,2612,1,139,USA,1,0.99,0.99
81,435,2009-12-13,19,2618,1,139,USA,1,0.99,0.99
81,436,2009-12-13,19,2624,1,139,USA,1,0.99,0.99
81,437,2009-12-13,19,2630,1,139,USA,1,0.99,0.99
81,438,2009-12-13,19,2636,1,139,USA,1,0.99,0.99
81,439,2009-12-13,19,2642,1,140,USA,1,0.99,0.99
82,440,2009-12-18,28,2651,1,141,USA,1,0.99,0.99
82,441,2009-12-18,28,2660,1,141,USA,1,0.99,0.99
82,442,2009-12-18,28,2669,1,142,USA,1,0.99,0.99
82,443,2009-12-18,28,2678,1,142,USA,1,0.99,0.99
82,444,2009-12-18,28,2687,1,142,USA,1,0.99,0.99
82,445,2009-12-18,28,2696,1,142,USA,1,0.99,0.99
82,446,2009-12-18,28,2705,4,143,USA,1,0.99,0.99
82,447,2009-12-18,28,2714,4,143,USA,1,0.99,0.99
82,448,2009-12-18,28,2723,4,143,USA,1,0.99,0.99
82,449,2009-12-18,28,2732,1,144,USA,1,0.99,0.99
82,450,2009-12-18,28,2741,1,144,USA,1,0.99,0.99
82,451,2009-12-18,28,2750,1,144,USA,1,0.99,0.99
82,452,2009-12-18,28,2759,7,145,USA,1,0.99,0.99
82,453,2009-12-18,28,2768,7,145,USA,1,0.99,0.99
83,454,2009-12-26,42,2782,4,146,France,1,0.99,0.99
84,455,2010-01-08,43,2783,4,146,France,1,0.99,0.99
84,456,2010-01-08,43,2784,4,146,France,1,0.99,0.99
85,457,2010-01-08,45,2786,4,146,Hungary,1,0.99,0.99
85,458,2010-01-08,45,2788,4,146,Hungary,1,0.99,0.99
86,459,2010-01-09,47,2790,4,146,Italy,1,0.99,0.99
86,460,2010-01-09,47,2792,4,146,Italy,1,0.99,0.99
86,461,2010-01-09,47,2794,4,146,Italy,1,0.99,0.99
86,462,2010-01-09,47,2796,4,146,Italy,1,0.99,0.99
87,463,2010-01-10,51,2800,4,146,Sweden,1,0.99,0.99
87,464,2010-01-10,51,2804,4,146,Sweden,1,0.99,0.99
87,465,2010-01-10,51,2808,4,146,Sweden,1,0.99,0.99
87,466,2010-01-10,51,2812,4,146,Sweden,1,0.99,0.99
87,467,2010-01-10,51,2816,4,146,Sweden,1,0.99,0.99
87,468,2010-01-10,51,2820,19,147,Sweden,1,1.99,1.99
88,469,2010-01-13,57,2826,18,147,Chile,1,1.99,1.99
88,470,2010-01-13,57,2832,18,147,Chile,1,1.99,1.99
88,471,2010-01-13,57,2838,20,147,Chile,1,1.99,1.99
88,472,2010-01-13,57,2844,21,148,Chile,1,1.99,1.99
88,473,2010-01-13,57,2850,21,148,Chile,1,1.99,1.99
88,474,2010-01-13,57,2856,21,148,Chile,1,1.99,1.99
88,475,2010-01-13,57,2862,21,149,Chile,1,1.99,1.99
88,476,2010-01-13,57,2868,19,149,Chile,1,1.99,1.99
88,477,2010-01-13,57,2874,19,149,Chile,1,1.99,1.99
89,478,2010-01-18,7,2883,19,149,Austria,1,1.99,1.99
89,479,2010-01-18,7,2892,21,149,Austria,1,1.99,1.99
89,480,2010-01-18,7,2901,19,149,Austria,1,1.99,1.99
89,481,2010-01-18,7,2910,19,149,Austria,1,1.99,1.99
89,482,2010-01-18,7,2919,19,149,Austria,1,1.99,1.99
89,483,2010-01-18,7,2928,1,150,Austria,1,0.99,0.99
89,484,2010-01-18,7,2937,1,150,Austria,1,0.99,0.99
89,485,2010-01-18,7,2946,1,150,Austria,1,0.99,0.99
89,486,2010-01-18,7,2955,1,150,Austria,1,0.99,0.99
89,487,2010-01-18,7,2964,1,150,Austria,1,0.99,0.99
89,488,2010-01-18,7,2973,1,150,Austria,1,0.99,0.99
89,489,2010-01-18,7,2982,1,150,Austria,1,0.99,0.99
89,490,2010-01-18,7,2991,1,150,Austria,1,0.99,0.99
89,491,2010-01-18,7,3000,1,150,Austria,1,0.99,0.99
90,492,2010-01-26,21,3014,1,150,USA,1,0.99,0.99
91,493,2010-02-08,22,3015,1,150,USA,1,0.99,0.99
91,494,2010-02-08,22,3016,1,150,USA,1,0.99,0.99
92,495,2010-02-08,24,3018,1,150,USA,1,0.99,0.99
92,496,2010-02-08,24,3020,1,150,USA,1,0.99,0.99
93,497,2010-02-09,26,3022,1,150,USA,1,0.99,0.99
93,498,2010-02-09,26,3024,1,150,USA,1,0.99,0.99
93,499,2010-02-09,26,3026,1,150,USA,1,0.99,0.99
93,500,2010-02-09,26,3028,1,150,USA,1,0.99,0.99
94,501,2010-02-10,30,3032,1,150,Canada,1,0.99,0.99
94,502,2010-02-10,30,3036,1,150,Canada,1,0.99,0.99
94,503,2010-02-10,30,3040,8,151,Canada,1,0.99,0.99
94,504,2010-02-10,30,3044,8,151,Canada,1,0.99,0.99
94,505,2010-02-10,30,3048,8,151,Canada,1,0.99,0.99
94,506,2010-02-10,30,3052,1,152,Canada,1,0.99,0.99
95,507,2010-02-13,36,3058,1,152,Germany,1,0.99,0.99
95,508,2010-02-13,36,3064,1,152,Germany,1,0.99,0.99
95,509,2010-02-13,36,3070,1,152,Germany,1,0.99,0.99
95,510,2010-02-13,36,3076,1,152,Germany,1,0.99,0.99
95,511,2010-02-13,36,3082,1,152,Germany,1,0.99,0.99
95,512,2010-02-13,36,3088,1,152,Germany,1,0.99,0.99
95,513,2010-02-13,36,3094,1,152,Germany,1,0.99,0.99
95,514,2010-02-13,36,3100,1,152,Germany,1,0.99,0.99
95,515,2010-02-13,36,3106,1,153,Germany,1,0.99,0.99
96,516,2010-02-18,45,3115,1,153,Hungary,1,0.99,0.99
96,517,2010-02-18,45,3124,7,72,Hungary,1,0.99,0.99
96,518,2010-02-18,45,3133,3,100,Hungary,1,0.99,0.99
96,519,2010-02-18,45,3142,3,100,Hungary,1,0.99,0.99
96,520,2010-02-18,45,3151,7,155,Hungary,1,0.99,0.99
96,521,2010-02-18,45,3160,7,155,Hungary,1,0.99,0.99
96,522,2010-02-18,45,3169,21,149,Hungary,1,1.99,1.99
96,523,2010-02-18,45,3178,19,156,Hungary,1,1.99,1.99
96,524,2010-02-18,45,3187,19,156,Hungary,1,1.99,1.99
96,525,2010-02-18,45,3196,19,156,Hungary,1,1.99,1.99
96,526,2010-02-18,45,3205,19,156,Hungary,1,1.99,1.99
96,527,2010-02-18,45,3214,22,156,Hungary,1,1.99,1.99
96,528,2010-02-18,45,3223,21,148,Hungary,1,1.99,1.99
96,529,2010-02-18,45,3232,20,158,Hungary,1,1.99,1.99
97,530,2010-02-26,59,3246,20,158,India,1,1.99,1.99
98,531,2010-03-11,1,3247,20,158,Brazil,1,1.99,1.99
98,532,2010-03-11,1,3248,20,158,Brazil,1,1.99,1.99
99,533,2010-03-11,3,3250,19,159,Canada,1,1.99,1.99
99,534,2010-03-11,3,3252,21,149,Canada,1,1.99,1.99
100,535,2010-03-12,5,3254,9,150,Czech Republic,1,0.99,0.99
100,536,2010-03-12,5,3256,9,150,Czech Republic,1,0.99,0.99
100,537,2010-03-12,5,3258,9,150,Czech Republic,1,0.99,0.99
100,538,2010-03-12,5,3260,9,150,Czech Republic,1,0.99,0.99
101,539,2010-03-13,9,3264,9,150,Denmark,1,0.99,0.99
101,540,2010-03-13,9,3268,9,150,Denmark,1,0.99,0.99
101,541,2010-03-13,9,3272,9,150,Denmark,1,0.99,0.99
101,542,2010-03-13,9,3276,1,114,Denmark,1,0.99,0.99
101,543,2010-03-13,9,3280,1,114,Denmark,1,0.99,0.99
101,544,2010-03-13,9,3284,1,114,Denmark,1,0.99,0.99
102,545,2010-03-16,15,3290,1,179,Canada,1,0.99,0.99
102,546,2010-03-16,15,3296,1,179,Canada,1,0.99,0.99
102,547,2010-03-16,15,3302,17,180,Canada,1,0.99,0.99
102,548,2010-03-16,15,3308,17,180,Canada,1,0.99,0.99
102,549,2010-03-16,15,3314,17,180,Canada,1,0.99,0.99
102,550,2010-03-16,15,3320,15,36,Canada,1,0.99,0.99
102,551,2010-03-16,15,3326,15,36,Canada,1,0.99,0.99
102,552,2010-03-16,15,3332,15,36,Canada,1,0.99,0.99
102,553,2010-03-16,15,3338,21,149,Canada,1,1.99,1.99
103,554,2010-03-21,24,3347,19,149,USA,1,1.99,1.99
103,555,2010-03-21,24,3356,7,201,USA,1,0.99,0.99
103,556,2010-03-21,24,3365,23,204,USA,1,0.99,0.99
103,557,2010-03-21,24,3374,23,204,USA,1,0.99,0.99
103,558,2010-03-21,24,3383,23,205,USA,1,0.99,0.99
103,559,2010-03-21,24,3392,23,8,USA,1,0.99,0.99
103,560,2010-03-21,24,3401,23,8,USA,1,0.99,0.99
103,561,2010-03-21,24,3410,24,213,USA,1,0.99,0.99
103,562,2010-03-21,24,3419,24,222,USA,1,0.99,0.99
103,563,2010-03-21,24,3428,22,156,USA,1,1.99,1.99
103,564,2010-03-21,24,3437,24,238,USA,1,0.99,0.99
103,565,2010-03-21,24,3446,24,245,USA,1,0.99,0.99
103,566,2010-03-21,24,3455,14,252,USA,1,0.99,0.99
103,567,2010-03-21,24,3464,14,252,USA,1,0.99,0.99
104,568,2010-03-29,38,3478,23,253,Germany,1,0.99,0.99
105,569,2010-04-11,39,3479,24,254,France,1,0.99,0.99
105,570,2010-04-11,39,3480,24,255,France,1,0.99,0.99
106,571,2010-04-11,41,3482,24,257,France,1,0.99,0.99
106,572,2010-04-11,41,3484,24,259,France,1,0.99,0.99
107,573,2010-04-12,43,3486,24,261,France,1,0.99,0.99
107,574,2010-04-12,43,3488,24,263,France,1,0.99,0.99
107,575,2010-04-12,43,3490,24,265,France,1,0.99,0.99
107,576,2010-04-12,43,3492,24,247,France,1,0.99,0.99
108,577,2010-04-13,47,3496,24,269,Italy,1,0.99,0.99
108,578,2010-04-13,47,3500,24,272,Italy,1,0.99,0.99
108,579,2010-04-13,47,1,1,1,Italy,1,0.99,0.99
108,580,2010-04-13,47,5,1,2,Italy,1,0.99,0.99
108,581,2010-04-13,47,9,1,1,Italy,1,0.99,0.99
108,582,2010-04-13,47,13,1,1,Italy,1,0.99,0.99
109,583,2010-04-16,53,19,1,1,United Kingdom,1,0.99,0.99
109,584,2010-04-16,53,25,1,3,United Kingdom,1,0.99,0.99
109,585,2010-04-16,53,31,1,3,United Kingdom,1,0.99,0.99
109,586,2010-04-16,53,37,1,3,United Kingdom,1,0.99,0.99
109,587,2010-04-16,53,43,1,4,United Kingdom,1,0.99,0.99
109,588,2010-04-16,53,49,1,4,United Kingdom,1,0.99,0.99
109,589,2010-04-16,53,55,1,5,United Kingdom,1,0.99,0.99
109,590,2010-04-16,53,61,1,5,United Kingdom,1,0.99,0.99
109,591,2010-04-16,53,67,2,6,United Kingdom,1,0.99,0.99
110,592,2010-04-21,3,76,2,6,Canada,1,0.99,0.99
110,593,2010-04-21,3,85,1,8,Canada,1,0.99,0.99
110,594,2010-04-21,3,94,1,8,Canada,1,0.99,0.99
110,595,2010-04-21,3,103,4,8,Canada,1,0.99,0.99
110,596,2010-04-21,3,112,5,9,Canada,1,0.99,0.99
110,597,2010-04-21,3,121,5,9,Canada,1,0.99,0.99
110,598,2010-04-21,3,130,2,10,Canada,1,0.99,0.99
110,599,2010-04-21,3,139,3,11,Canada,1,0.99,0.99
110,600,2010-04-21,3,148,3,11,Canada,1,0.99,0.99
110,601,2010-04-21,3,157,3,12,Canada,1,0.99,0.99
110,602,2010-04-21,3,166,4,13,Canada,1,0.99,0.99
110,603,2010-04-21,3,175,4,13,Canada,1,0.99,0.99
110,604,2010-04-21,3,184,3,14,Canada,1,0.99,0.99
110,605,2010-04-21,3,193,3,14,Canada,1,0.99,0.99
111,606,2010-04-29,17,207,7,16,USA,1,0.99,0.99
112,607,2010-05-12,18,208,7,16,USA,1,0.99,0.99
112,608,2010-05-12,18,209,7,16,USA,1,0.99,0.99
113,609,2010-05-12,20,211,7,16,USA,1,0.99,0.99
113,610,2010-05-12,20,213,7,16,USA,1,0.99,0.99
114,611,2010-05-13,22,215,7,16,USA,1,0.99,0.99
114,612,2010-05-13,22,217,7,16,USA,1,0.99,0.99
114,613,2010-05-13,22,219,7,16,USA,1,0.99,0.99
114,614,2010-05-13,22,221,7,16,USA,1,0.99,0.99
115,615,2010-05-14,26,225,7,16,USA,1,0.99,0.99
115,616,2010-05-14,26,229,7,17,USA,1,0.99,0.99
115,617,2010-05-14,26,233,7,17,USA,1,0.99,0.99
115,618,2010-05-14,26,237,7,17,USA,1,0.99,0.99
115,619,2010-05-14,26,241,7,17,USA,1,0.99,0.99
115,620,2010-05-14,26,245,7,17,USA,1,0.99,0.99
116,621,2010-05-17,32,251,7,18,Canada,1,0.99,0.99
116,622,2010-05-17,32,257,7,18,Canada,1,0.99,0.99
116,623,2010-05-17,32,263,7,18,Canada,1,0.99,0.99
116,624,2010-05-17,32,269,7,18,Canada,1,0.99,0.99
116,625,2010-05-17,32,275,7,18,Canada,1,0.99,0.99
116,626,2010-05-17,32,281,7,18,Canada,1,0.99,0.99
116,627,2010-05-17,32,287,8,19,Canada,1,0.99,0.99
116,628,2010-05-17,32,293,8,19,Canada,1,0.99,0.99
116,629,2010-05-17,32,299,8,19,Canada,1,0.99,0.99
117,630,2010-05-22,41,308,8,19,France,1,0.99,0.99
117,631,2010-05-22,41,317,7,20,France,1,0.99,0.99
117,632,2010-05-22,41,326,9,21,France,1,0.99,0.99
117,633,2010-05-22,41,335,9,21,France,1,0.99,0.99
117,634,2010-05-22,41,344,1,22,France,1,0.99,0.99
117,635,2010-05-22,41,353,1,23,France,1,0.99,0.99
117,636,2010-05-22,41,362,10,21,France,1,0.99,0.99
117,637,2010-05-22,41,371,10,21,France,1,0.99,0.99
117,638,2010-05-22,41,380,7,24,France,1,0.99,0.99
117,639,2010-05-22,41,389,7,24,France,1,0.99,0.99
117,640,2010-05-22,41,398,7,6,France,1,0.99,0.99
117,641,2010-05-22,41,407,7,6,France,1,0.99,0.99
117,642,2010-05-22,41,416,3,50,France,1,0.99,0.99
117,643,2010-05-22,41,425,1,51,France,1,0.99,0.99
118,644,2010-05-30,55,439,1,52,Australia,1,0.99,0.99
119,645,2010-06-12,56,440,1,52,Argentina,1,0.99,0.99
119,646,2010-06-12,56,441,1,52,Argentina,1,0.99,0.99
120,647,2010-06-12,58,443,1,52,India,1,0.99,0.99
120,648,2010-06-12,58,445,1,52,India,1,0.99,0.99
121,649,2010-06-13,1,447,1,52,Brazil,1,0.99,0.99
121,650,2010-06-13,1,449,1,52,Brazil,1,0.99,0.99
121,651,2010-06-13,1,451,1,52,Brazil,1,0.99,0.99
121,652,2010-06-13,1,453,1,52,Brazil,1,0.99,0.99
122,653,2010-06-14,5,457,2,53,Czech Republic,1,0.99,0.99
122,654,2010-06-14,5,461,2,53,Czech Republic,1,0.99,0.99
122,655,2010-06-14,5,465,2,53,Czech Republic,1,0.99,0.99
122,656,2010-06-14,5,469,4,54,Czech Republic,1,0.99,0.99
122,657,2010-06-14,5,473,4,54,Czech Republic,1,0.99,0.99
122,658,2010-06-14,5,477,4,54,Czech Republic,1,0.99,0.99
123,659,2010-06-17,11,483,4,54,Brazil,1,0.99,0.99
123,660,2010-06-17,11,489,1,55,Brazil,1,0.99,0.99
123,661,2010-06-17,11,495,1,55,Brazil,1,0.99,0.99
123,662,2010-06-17,11,501,7,56,Brazil,1,0.99,0.99
123,663,2010-06-17,11,507,7,56,Brazil,1,0.99,0.99
123,664,2010-06-17,11,513,7,56,Brazil,1,0.99,0.99
123,665,2010-06-17,11,519,7,17,Brazil,1,0.99,0.99
123,666,2010-06-17,11,525,7,17,Brazil,1,0.99,0.99
123,667,2010-06-17,11,531,4,57,Brazil,1,0.99,0.99
124,668,2010-06-22,20,540,4,57,USA,1,0.99,0.99
124,669,2010-06-22,20,549,1,58,USA,1,0.99,0.99
124,670,2010-06-22,20,558,7,21,USA,1,0.99,0.99
124,671,2010-06-22,20,567,7,21,USA,1,0.99,0.99
124,672,2010-06-22,20,576,1,59,USA,1,0.99,0.99
124,673,2010-06-22,20,585,7,37,USA,1,0.99,0.99
124,674,2010-06-22,20,594,7,37,USA,1,0.99,0.99
124,675,2010-06-22,20,603,2,68,USA,1,0.99,0.99
124,676,2010-06-22,20,612,2,68,USA,1,0.99,0.99
124,677,2010-06-22,20,621,1,58,USA,1,0.99,0.99
124,678,2010-06-22,20,630,2,69,USA,1,0.99,0.99
124,679,2010-06-22,20,639,2,69,USA,1,0.99,0.99
124,680,2010-06-22,20,648,11,70,USA,1,0.99,0.99
124,681,2010-06-22,20,657,11,70,USA,1,0.99,0.99
125,682,2010-06-30,34,671,7,21,Portugal,1,0.99,0.99
126,683,2010-07-13,35,672,7,21,Portugal,1,0.99,0.99
126,684,2010-07-13,35,673,7,21,Portugal,1,0.99,0.99
127,685,2010-07-13,37,675,1,76,Germany,1,0.99,0.99
127,686,2010-07-13,37,677,1,76,Germany,1,0.99,0.99
128,687,2010-07-14,39,679,1,76,France,1,0.99,0.99
128,688,2010-07-14,39,681,1,76,France,1,0.99,0.99
128,689,2010-07-14,39,683,1,76,France,1,0.99,0.99
128,690,2010-07-14,39,685,1,76,France,1,0.99,0.99
129,691,2010-07-15,43,689,1,76,France,1,0.99,0.99
129,692,2010-07-15,43,693,1,76,France,1,0.99,0.99
129,693,2010-07-15,43,697,1,76,France,1,0.99,0.99
129,694,2010-07-15,43,701,1,76,France,1,0.99,0.99
129,695,2010-07-15,43,705,1,76,France,1,0.99,0.99
129,696,2010-07-15,43,709,1,76,France,1,0.99,0.99
130,697,2010-07-18,49,715,7,77,Poland,1,0.99,0.99
130,698,2010-07-18,49,721,7,77,Poland,1,0.99,0.99
130,699,2010-07-18,49,727,7,77,Poland,1,0.99,0.99
130,700,2010-07-18,49,733,7,77,Poland,1,0.99,0.99
130,701,2010-07-18,49,739,7,77,Poland,1,0.99,0.99
130,702,2010-07-18,49,745,1,58,Poland,1,0.99,0.99
130,703,2010-07-18,49,751,1,58,Poland,1,0.99,0.99
130,704,2010-07-18,49,757,1,58,Poland,1,0.99,0.99
130,705,2010-07-18,49,763,1,58,Poland,1,0.99,0.99
131,706,2010-07-23,58,772,1,58,India,1,0.99,0.99
131,707,2010-07-23,58,781,1,58,India,1,0.99,0.99
131,708,2010-07-23,58,790,1,58,India,1,0.99,0.99
131,709,2010-07-23,58,799,1,58,India,1,0.99,0.99
131,710,2010-07-23,58,808,1,58,India,1,0.99,0.99
131,711,2010-07-23,58,817,1,58,India,1,0.99,0.99
131,712,2010-07-23,58,826,1,78,India,1,0.99,0.99
131,713,2010-07-23,58,835,1,78,India,1,0.99,0.99
131,714,2010-07-23,58,844,2,79,India,1,0.99,0.99
131,715,2010-07-23,58,853,7,80,India,1,0.99,0.99
131,716,2010-07-23,58,862,7,80,India,1,0.99,0.99
131,717,2010-07-23,58,871,7,80,India,1,0.99,0.99
131,718,2010-07-23,58,880,7,41,India,1,0.99,0.99
131,719,2010-07-23,58,889,7,41,India,1,0.99,0.99
132,720,2010-07-31,13,903,6,81,Brazil,1,0.99,0.99
133,721,2010-08-13,14,904,6,81,Canada,1,0.99,0.99
133,722,2010-08-13,14,905,6,81,Canada,1,0.99,0.99
134,723,2010-08-13,16,907,6,81,USA,1,0.99,0.99
134,724,2010-08-13,16,909,6,81,USA,1,0.99,0.99
135,725,2010-08-14,18,911,6,81,USA,1,0.99,0.99
135,726,2010-08-14,18,913,6,81,USA,1,0.99,0.99
135,727,2010-08-14,18,915,6,81,USA,1,0.99,0.99
135,728,2010-08-14,18,917,6,81,USA,1,0.99,0.99
136,729,2010-08-15,22,921,6,81,USA,1,0.99,0.99
136,730,2010-08-15,22,925,4,82,USA,1,0.99,0.99
136,731,2010-08-15,22,929,4,82,USA,1,0.99,0.99
136,732,2010-08-15,22,933,4,82,USA,1,0.99,0.99
136,733,2010-08-15,22,937,4,82,USA,1,0.99,0.99
136,734,2010-08-15,22,941,4,82,USA,1,0.99,0.99
137,735,2010-08-18,28,947,4,82,USA,1,0.99,0.99
137,736,2010-08-18,28,953,1,82,USA,1,0.99,0.99
137,737,2010-08-18,28,959,1,82,USA,1,0.99,0.99
137,738,2010-08-18,28,965,4,82,USA,1,0.99,0.99
137,739,2010-08-18,28,971,4,82,USA,1,0.99,0.99
137,740,2010-08-18,28,977,7,83,USA,1,0.99,0.99
137,741,2010-08-18,28,983,7,83,USA,1,0.99,0.99
137,742,2010-08-18,28,989,1,84,USA,1,0.99,0.99
137,743,2010-08-18,28,995,1,84,USA,1,0.99,0.99
138,744,2010-08-23,37,1004,1,84,Germany,1,0.99,0.99
138,745,2010-08-23,37,1013,4,84,Germany,1,0.99,0.99
138,746,2010-08-23,37,1022,1,84,Germany,1,0.99,0.99
138,747,2010-08-23,37,1031,1,84,Germany,1,0.99,0.99
138,748,2010-08-23,37,1040,12,85,Germany,1,0.99,0.99
138,749,2010-08-23,37,1049,12,85,Germany,1,0.99,0.99
138,750,2010-08-23,37,1058,7,86,Germany,1,0.99,0.99
138,751,2010-08-23,37,1067,7,86,Germany,1,0.99,0.99
138,752,2010-08-23,37,1076,10,27,Germany,1,0.99,0.99
138,753,2010-08-23,37,1085,10,27,Germany,1,0.99,0.99
138,754,2010-08-23,37,1094,7,27,Germany,1,0.99,0.99
138,755,2010-08-23,37,1103,2,27,Germany,1,0.99,0.99
138,756,2010-08-23,37,1112,7,81,Germany,1,0.99,0.99
138,757,2010-08-23,37,1121,3,87,Germany,1,0.99,0.99
139,758,2010-08-31,51,1135,4,54,Sweden,1,0.99,0.99
140,759,2010-09-13,52,1136,4,54,United Kingdom,1,0.99,0.99
140,760,2010-09-13,52,1137,4,54,United Kingdom,1,0.99,0.99
141,761,2010-09-13,54,1139,4,54,United Kingdom,1,0.99,0.99
141,762,2010-09-13,54,1141,4,54,United Kingdom,1,0.99,0.99
142,763,2010-09-14,56,1143,4,54,Argentina,1,0.99,0.99
142,764,2010-09-14,56,1145,4,54,Argentina,1,0.99,0.99
142,765,2010-09-14,56,1147,1,88,Argentina,1,0.99,0.99
142,766,2010-09-14,56,1149,1,88,Argentina,1,0.99,0.99
143,767,2010-09-15,1,1153,1,88,Brazil,1,0.99,0.99
143,768,2010-09-15,1,1157,1,88,Brazil,1,0.99,0.99
143,769,2010-09-15,1,1161,1,88,Brazil,1,0.99,0.99
143,770,2010-09-15,1,1165,1,88,Brazil,1,0.99,0.99
143,771,2010-09-15,1,1169,1,88,Brazil,1,0.99,0.99
143,772,2010-09-15,1,1173,1,88,Brazil,1,0.99,0.99
144,773,2010-09-18,7,1179,3,88,Austria,1,0.99,0.99
144,774,2010-09-18,7,1185,3,88,Austria,1,0.99,0.99
144,775,2010-09-18,7,1191,2,89,Austria,1,0.99,0.99
144,776,2010-09-18,7,1197,2,89,Austria,1,0.99,0.99
144,777,2010-09-18,7,1203,1,90,Austria,1,0.99,0.99
144,778,2010-09-18,7,1209,1,90,Austria,1,0.99,0.99
144,779,2010-09-18,7,1215,3,90,Austria,1,0.99,0.99
144,780,2010-09-18,7,1221,3,90,Austria,1,0.99,0.99
144,781,2010-09-18,7,1227,3,90,Austria,1,0.99,0.99
145,782,2010-09-23,16,1236,1,90,USA,1,0.99,0.99
145,783,2010-09-23,16,1245,13,90,USA,1,0.99,0.99
145,784,2010-09-23,16,1254,13,90,USA,1,0.99,0.99
145,785,2010-09-23,16,1263,1,90,USA,1,0.99,0.99
145,786,2010-09-23,16,1272,6,90,USA,1,0.99,0.99
145,787,2010-09-23,16,1281,13,90,USA,1,0.99,0.99
145,788,2010-09-23,16,1290,3,90,USA,1,0.99,0.99
145,789,2010-09-23,16,1299,3,90,USA,1,0.99,0.99
145,790,2010-09-23,16,1308,1,90,USA,1,0.99,0.99
145,791,2010-09-23,16,1317,1,90,USA,1,0.99,0.99
145,792,2010-09-23,16,1326,3,90,USA,1,0.99,0.99
145,793,2010-09-23,16,1335,3,90,USA,1,0.99,0.99
145,794,2010-09-23,16,1344,3,90,USA,1,0.99,0.99
145,795,2010-09-23,16,1353,3,90,USA,1,0.99,0.99
146,796,2010-10-01,30,1367,1,90,Canada,1,0.99,0.99
147,797,2010-10-14,31,1368,1,90,Canada,1,0.99,0.99
147,798,2010-10-14,31,1369,1,90,Canada,1,0.99,0.99
148,799,2010-10-14,33,1371,3,90,Canada,1,0.99,0.99
148,800,2010-10-14,33,1373,3,90,Canada,1,0.99,0.99
149,801,2010-10-15,35,1375,3,90,Portugal,1,0.99,0.99
149,802,2010-10-15,35,1377,3,90,Portugal,1,0.99,0.99
149,803,2010-10-15,35,1379,3,90,Portugal,1,0.99,0.99
149,804,2010-10-15,35,1381,3,90,Portugal,1,0.99,0.99
150,805,2010-10-16,39,1385,3,90,France,1,0.99,0.99
150,806,2010-10-16,39,1389,3,90,France,1,0.99,0.99
150,807,2010-10-16,39,1393,1,90,France,1,0.99,0.99
150,808,2010-10-16,39,1397,1,90,France,1,0.99,0.99
150,809,2010-10-16,39,1401,1,90,France,1,0.99,0.99
150,810,2010-10-16,39,1405,1,90,France,1,0.99,0.99
151,811,2010-10-19,45,1411,1,90,Hungary,1,0.99,0.99
151,812,2010-10-19,45,1417,14,91,Hungary,1,0.99,0.99
151,813,2010-10-19,45,1423,14,91,Hungary,1,0.99,0.99
151,814,2010-10-19,45,1429,14,91,Hungary,1,0.99,0.99
151,815,2010-10-19,45,1435,1,92,Hungary,1,0.99,0.99
151,816,2010-10-19,45,1441,1,92,Hungary,1,0.99,0.99
151,817,2010-10-19,45,1447,14,92,Hungary,1,0.99,0.99
151,818,2010-10-19,45,1453,14,92,Hungary,1,0.99,0.99
151,819,2010-10-19,45,1459,15,92,Hungary,1,0.99,0.99
152,820,2010-10-24,54,1468,4,93,United Kingdom,1,0.99,0.99
152,821,2010-10-24,54,1477,4,93,United Kingdom,1,0.99,0.99
152,822,2010-10-24,54,1486,1,94,United Kingdom,1,0.99,0.99
152,823,2010-10-24,54,1495,1,94,United Kingdom,1,0.99,0.99
152,824,2010-10-24,54,1504,1,95,United Kingdom,1,0.99,0.99
152,825,2010-10-24,54,1513,7,46,United Kingdom,1,0.99,0.99
152,826,2010-10-24,54,1522,7,96,United Kingdom,1,0.99,0.99
152,827,2010-10-24,54,1531,7,96,United Kingdom,1,0.99,0.99
152,828,2010-10-24,54,1540,16,97,United Kingdom,1,0.99,0.99
152,829,2010-10-24,54,1549,3,98,United Kingdom,1,0.99,0.99
152,830,2010-10-24,54,1558,3,98,United Kingdom,1,0.99,0.99
152,831,2010-10-24,54,1567,1,52,United Kingdom,1,0.99,0.99
152,832,2010-10-24,54,1576,1,52,United Kingdom,1,0.99,0.99
152,833,2010-10-24,54,1585,1,22,United Kingdom,1,0.99,0.99
153,834,2010-11-01,9,1599,1,22,Denmark,1,0.99,0.99
154,835,2010-11-14,10,1600,1,22,Brazil,1,0.99,0.99
154,836,2010-11-14,10,1601,1,22,Brazil,1,0.99,0.99
155,837,2010-11-14,12,1603,1,22,Brazil,1,0.99,0.99
155,838,2010-11-14,12,1605,1,22,Brazil,1,0.99,0.99
156,839,2010-11-15,14,1607,1,22,Canada,1,0.99,0.99
156,840,2010-11-15,14,1609,1,22,Canada,1,0.99,0.99
156,841,2010-11-15,14,1611,1,22,Canada,1,0.99,0.99
156,842,2010-11-15,14,1613,1,22,Canada,1,0.99,0.99
157,843,2010-11-16,18,1617,1,22,USA,1,0.99,0.99
157,844,2010-11-16,18,1621,1,22,USA,1,0.99,0.99
157,845,2010-11-16,18,1625,1,22,USA,1,0.99,0.99
157,846,2010-11-16,18,1629,1,22,USA,1,0.99,0.99
157,847,2010-11-16,18,1633,1,22,USA,1,0.99,0.99
157,848,2010-11-16,18,1637,1,22,USA,1,0.99,0.99
158,849,2010-11-19,24,1643,1,22,USA,1,0.99,0.99
158,850,2010-11-19,24,1649,1,22,USA,1,0.99,0.99
158,851,2010-11-19,24,1655,1,22,USA,1,0.99,0.99
158,852,2010-11-19,24,1661,1,22,USA,1,0.99,0.99
158,853,2010-11-19,24,1667,1,22,USA,1,0.99,0.99
158,854,2010-11-19,24,1673,7,99,USA,1,0.99,0.99
158,855,2010-11-19,24,1679,7,99,USA,1,0.99,0.99
158,856,2010-11-19,24,1685,7,99,USA,1,0.99,0.99
158,857,2010-11-19,24,1691,7,99,USA,1,0.99,0.99
159,858,2010-11-24,33,1700,7,99,Canada,1,0.99,0.99
159,859,2010-11-24,33,1709,1,100,Canada,1,0.99,0.99
159,860,2010-11-24,33,1718,7,101,Canada,1,0.99,0.99
159,861,2010-11-24,33,1727,7,101,Canada,1,0.99,0.99
159,862,2010-11-24,33,1736,7,101,Canada,1,0.99,0.99
159,863,2010-11-24,33,1745,1,102,Canada,1,0.99,0.99
159,864,2010-11-24,33,1754,1,102,Canada,1,0.99,0.99
159,865,2010-11-24,33,1763,7,103,Canada,1,0.99,0.99
159,866,2010-11-24,33,1772,7,103,Canada,1,0.99,0.99
159,867,2010-11-24,33,1781,14,104,Canada,1,0.99,0.99
159,868,2010-11-24,33,1790,14,104,Canada,1,0.99,0.99
159,869,2010-11-24,33,1799,1,105,Canada,1,0.99,0.99
159,870,2010-11-24,33,1808,3,50,Canada,1,0.99,0.99
159,871,2010-11-24,33,1817,3,50,Canada,1,0.99,0.99
160,872,2010-12-02,47,1831,3,50,Italy,1,0.99,0.99
161,873,2010-12-15,48,1832,3,50,Netherlands,1,0.99,0.99
161,874,2010-12-15,48,1833,3,50,Netherlands,1,0.99,0.99
162,875,2010-12-15,50,1835,3,50,Spain,1,0.99,0.99
162,876,2010-12-15,50,1837,3,50,Spain,1,0.99,0.99
163,877,2010-12-16,52,1839,3,50,United Kingdom,1,0.99,0.99
163,878,2010-12-16,52,1841,3,50,United Kingdom,1,0.99,0.99
163,879,2010-12-16,52,1843,3,50,United Kingdom,1,0.99,0.99
163,880,2010-12-16,52,1845,3,50,United Kingdom,1,0.99,0.99
164,881,2010-12-17,56,1849,3,50,Argentina,1,0.99,0.99
164,882,2010-12-17,56,1853,3,50,Argentina,1,0.99,0.99
164,883,2010-12-17,56,1857,3,50,Argentina,1,0.99,0.99
164,884,2010-12-17,56,1861,3,50,Argentina,1,0.99,0.99
164,885,2010-12-17,56,1865,3,50,Argentina,1,0.99,0.99
164,886,2010-12-17,56,1869,3,50,Argentina,1,0.99,0.99
165,887,2010-12-20,3,1875,3,50,Canada,1,0.99,0.99
165,888,2010-12-20,3,1881,3,50,Canada,1,0.99,0.99
165,889,2010-12-20,3,1887,3,50,Canada,1,0.99,0.99
165,890,2010-12-20,3,1893,3,50,Canada,1,0.99,0.99
165,891,2010-12-20,3,1899,3,50,Canada,1,0.99,0.99
165,892,2010-12-20,3,1905,2,68,Canada,1,0.99,0.99
165,893,2010-12-20,3,1911,2,68,Canada,1,0.99,0.99
165,894,2010-12-20,3,1917,7,42,Canada,1,0.99,0.99
165,895,2010-12-20,3,1923,7,42,Canada,1,0.99,0.99
166,896,2010-12-25,12,1932,7,42,Brazil,1,0.99,0.99
166,897,2010-12-25,12,1941,7,42,Brazil,1,0.99,0.99
166,898,2010-12-25,12,1950,3,106,Brazil,1,0.99,0.99
166,899,2010-12-25,12,1959,16,108,Brazil,1,0.99,0.99
166,900,2010-12-25,12,1968,16,108,Brazil,1,0.99,0.99
166,901,2010-12-25,12,1977,3,109,Brazil,1,0.99,0.99
166,902,2010-12-25,12,1986,1,110,Brazil,1,0.99,0.99
166,903,2010-12-25,12,1995,1,110,Brazil,1,0.99,0.99
166,904,2010-12-25,12,2004,1,110,Brazil,1,0.99,0.99
166,905,2010-12-25,12,2013,1,110,Brazil,1,0.99,0.99
166,906,2010-12-25,12,2022,1,111,Brazil,1,0.99,0.99
166,907,2010-12-25,12,2031,7,112,Brazil,1,0.99,0.99
166,908,2010-12-25,12,2040,7,112,Brazil,1,0.99,0.99
166,909,2010-12-25,12,2049,7,113,Brazil,1,0.99,0.99
167,910,2011-01-02,26,2063,7,113,USA,1,0.99,0.99
168,911,2011-01-15,27,2064,7,113,USA,1,0.99,0.99
168,912,2011-01-15,27,2065,7,113,USA,1,0.99,0.99
169,913,2011-01-15,29,2067,7,113,Canada,1,0.99,0.99
169,914,2011-01-15,29,2069,7,113,Canada,1,0.99,0.99
170,915,2011-01-16,31,2071,7,113,Canada,1,0.99,0.99
170,916,2011-01-16,31,2073,7,113,Canada,1,0.99,0.99
170,917,2011-01-16,31,2075,7,113,Canada,1,0.99,0.99
170,918,2011-01-16,31,2077,7,113,Canada,1,0.99,0.99
171,919,2011-01-17,35,2081,7,113,Portugal,1,0.99,0.99
171,920,2011-01-17,35,2085,7,113,Portugal,1,0.99,0.99
171,921,2011-01-17,35,2089,7,113,Portugal,1,0.99,0.99
171,922,2011-01-17,35,2093,1,114,Portugal,1,0.99,0.99
171,923,2011-01-17,35,2097,1,114,Portugal,1,0.99,0.99
171,924,2011-01-17,35,2101,3,114,Portugal,1,0.99,0.99
172,925,2011-01-20,41,2107,3,114,France,1,0.99,0.99
172,926,2011-01-20,41,2113,1,115,France,1,0.99,0.99
172,927,2011-01-20,41,2119,1,115,France,1,0.99,0.99
172,928,2011-01-20,41,2125,10,116,France,1,0.99,0.99
172,929,2011-01-20,41,2131,10,116,France,1,0.99,0.99
172,930,2011-01-20,41,2137,10,116,France,1,0.99,0.99
172,931,2011-01-20,41,2143,1,117,France,1,0.99,0.99
172,932,2011-01-20,41,2149,1,118,France,1,0.99,0.99
172,933,2011-01-20,41,2155,1,118,France,1,0.99,0.99
173,934,2011-01-25,50,2164,1,118,Spain,1,0.99,0.99
173,935,2011-01-25,50,2173,4,118,Spain,1,0.99,0.99
173,936,2011-01-25,50,2182,1,118,Spain,1,0.99,0.99
173,937,2011-01-25,50,2191,1,118,Spain,1,0.99,0.99
173,938,2011-01-25,50,2200,1,118,Spain,1,0.99,0.99
173,939,2011-01-25,50,2209,1,118,Spain,1,0.99,0.99
173,940,2011-01-25,50,2218,8,100,Spain,1,0.99,0.99
173,941,2011-01-25,50,2227,8,100,Spain,1,0.99,0.99
173,942,2011-01-25,50,2236,1,120,Spain,1,0.99,0.99
173,943,2011-01-25,50,2245,17,121,Spain,1,0.99,0.99
173,944,2011-01-25,50,2254,1,51,Spain,1,0.99,0.99
173,945,2011-01-25,50,2263,1,51,Spain,1,0.99,0.99
173,946,2011-01-25,50,2272,1,51,Spain,1,0.99,0.99
173,947,2011-01-25,50,2281,1,51,Spain,1,0.99,0.99
174,948,2011-02-02,5,2295,4,124,Czech Republic,1,0.99,0.99
175,949,2011-02-15,6,2296,1,124,Czech Republic,1,0.99,0.99
175,950,2011-02-15,6,2297,1,124,Czech Republic,1,0.99,0.99
176,951,2011-02-15,8,2299,1,124,Belgium,1,0.99,0.99
176,952,2011-02-15,8,2301,1,124,Belgium,1,0.99,0.99
177,953,2011-02-16,10,2303,1,124,Brazil,1,0.99,0.99
177,954,2011-02-16,10,2305,1,124,Brazil,1,0.99,0.99
177,955,2011-02-16,10,2307,1,124,Brazil,1,0.99,0.99
177,956,2011-02-16,10,2309,1,124,Brazil,1,0.99,0.99
178,957,2011-02-17,14,2313,4,122,Canada,1,0.99,0.99
178,958,2011-02-17,14,2317,4,122,Canada,1,0.99,0.99
178,959,2011-02-17,14,2321,4,124,Canada,1,0.99,0.99
178,960,2011-02-17,14,2325,4,124,Canada,1,0.99,0.99
178,961,2011-02-17,14,2329,4,124,Canada,1,0.99,0.99
178,962,2011-02-17,14,2333,4,124,Canada,1,0.99,0.99
179,963,2011-02-20,20,2339,4,125,USA,1,0.99,0.99
179,964,2011-02-20,20,2345,1,126,USA,1,0.99,0.99
179,965,2011-02-20,20,2351,1,126,USA,1,0.99,0.99
179,966,2011-02-20,20,2357,1,126,USA,1,0.99,0.99
179,967,2011-02-20,20,2363,4,127,USA,1,0.99,0.99
179,968,2011-02-20,20,2369,4,127,USA,1,0.99,0.99
179,969,2011-02-20,20,2375,1,127,USA,1,0.99,0.99
179,970,2011-02-20,20,2381,1,127,USA,1,0.99,0.99
179,971,2011-02-20,20,2387,1,127,USA,1,0.99,0.99
180,972,2011-02-25,29,2396,1,127,Canada,1,0.99,0.99
180,973,2011-02-25,29,2405,1,127,Canada,1,0.99,0.99
180,974,2011-02-25,29,2414,1,128,Canada,1,0.99,0.99
180,975,2011-02-25,29,2423,1,59,Canada,1,0.99,0.99
180,976,2011-02-25,29,2432,1,59,Canada,1,0.99,0.99
180,977,2011-02-25,29,2441,1,100,Canada,1,0.99,0.99
180,978,2011-02-25,29,2450,1,130,Canada,1,0.99,0.99
180,979,2011-02-25,29,2459,1,130,Canada,1,0.99,0.99
180,980,2011-02-25,29,2468,1,130,Canada,1,0.99,0.99
180,981,2011-02-25,29,2477,4,131,Canada,1,0.99,0.99
180,982,2011-02-25,29,2486,4,131,Canada,1,0.99,0.99
180,983,2011-02-25,29,2495,4,131,Canada,1,0.99,0.99
180,984,2011-02-25,29,2504,4,131,Canada,1,0.99,0.99
180,985,2011-02-25,29,2513,1,132,Canada,1,0.99,0.99
181,986,2011-03-05,43,2527,2,53,France,1,0.99,0.99
182,987,2011-03-18,44,2528,2,53,Finland,1,0.99,0.99
182,988,2011-03-18,44,2529,2,53,Finland,1,0.99,0.99
183,989,2011-03-18,46,2531,2,53,Ireland,1,0.99,0.99
183,990,2011-03-18,46,2533,6,133,Ireland,1,0.99,0.99
184,991,2011-03-19,48,2535,6,133,Netherlands,1,0.99,0.99
184,992,2011-03-19,48,2537,6,133,Netherlands,1,0.99,0.99
184,993,2011-03-19,48,2539,6,133,Netherlands,1,0.99,0.99
184,994,2011-03-19,48,2541,6,133,Netherlands,1,0.99,0.99
185,995,2011-03-20,52,2545,1,134,United Kingdom,1,0.99,0.99
185,996,2011-03-20,52,2549,1,134,United Kingdom,1,0.99,0.99
185,997,2011-03-20,52,2553,1,134,United Kingdom,1,0.99,0.99
185,998,2011-03-20,52,2557,3,135,United Kingdom,1,0.99,0.99
185,999,2011-03-20,52,2561,3,135,United Kingdom,1,0.99,0.99
185,1000,2011-03-20,52,2565,1,136,United Kingdom,1,0.99,0.99
186,1001,2011-03-23,58,2571,1,136,India,1,0.99,0.99
186,1002,2011-03-23,58,2577,6,137,India,1,0.99,0.99
186,1003,2011-03-23,58,2583,6,137,India,1,0.99,0.99
186,1004,2011-03-23,58,2589,6,137,India,1,0.99,0.99
186,1005,2011-03-23,58,2595,4,138,India,1,0.99,0.99
186,1006,2011-03-23,58,2601,4,138,India,1,0.99,0.99
186,1007,2011-03-23,58,2607,4,138,India,1,0.99,0.99
186,1008,2011-03-23,58,2613,1,139,India,1,0.99,0.99
186,1009,2011-03-23,58,2619,1,139,India,1,0.99,0.99
187,1010,2011-03-28,8,2628,1,139,Belgium,1,0.99,0.99
187,1011,2011-03-28,8,2637,1,139,Belgium,1,0.99,0.99
187,1012,2011-03-28,8,2646,1,140,Belgium,1,0.99,0.99
187,1013,2011-03-28,8,2655,1,141,Belgium,1,0.99,0.99
187,1014,2011-03-28,8,2664,1,142,Belgium,1,0.99,0.99
187,1015,2011-03-28,8,2673,1,142,Belgium,1,0.99,0.99
187,1016,2011-03-28,8,2682,1,142,Belgium,1,0.99,0.99
187,1017,2011-03-28,8,2691,1,142,Belgium,1,0.99,0.99
187,1018,2011-03-28,8,2700,1,142,Belgium,1,0.99,0.99
187,1019,2011-03-28,8,2709,4,143,Belgium,1,0.99,0.99
187,1020,2011-03-28,8,2718,4,143,Belgium,1,0.99,0.99
187,1021,2011-03-28,8,2727,4,143,Belgium,1,0.99,0.99
187,1022,2011-03-28,8,2736,1,144,Belgium,1,0.99,0.99
187,1023,2011-03-28,8,2745,1,144,Belgium,1,0.99,0.99
188,1024,2011-04-05,22,2759,7,145,USA,1,0.99,0.99
189,1025,2011-04-18,23,2760,7,145,USA,1,0.99,0.99
189,1026,2011-04-18,23,2761,7,145,USA,1,0.99,0.99
190,1027,2011-04-18,25,2763,7,145,USA,1,0.99,0.99
190,1028,2011-04-18,25,2765,7,145,USA,1,0.99,0.99
191,1029,2011-04-19,27,2767,7,145,USA,1,0.99,0.99
191,1030,2011-04-19,27,2769,7,145,USA,1,0.99,0.99
191,1031,2011-04-19,27,2771,7,145,USA,1,0.99,0.99
191,1032,2011-04-19,27,2773,7,145,USA,1,0.99,0.99
192,1033,2011-04-20,31,2777,7,145,Canada,1,0.99,0.99
192,1034,2011-04-20,31,2781,4,146,Canada,1,0.99,0.99
192,1035,2011-04-20,31,2785,4,146,Canada,1,0.99,0.99
192,1036,2011-04-20,31,2789,4,146,Canada,1,0.99,0.99
192,1037,2011-04-20,31,2793,4,146,Canada,1,0.99,0.99
192,1038,2011-04-20,31,2797,4,146,Canada,1,0.99,0.99
193,1039,2011-04-23,37,2803,4,146,Germany,1,0.99,0.99
193,1040,2011-04-23,37,2809,4,146,Germany,1,0.99,0.99
193,1041,2011-04-23,37,2815,4,146,Germany,1,0.99,0.99
193,1042,2011-04-23,37,2821,19,147,Germany,1,1.99,1.99
193,1043,2011-04-23,37,2827,18,147,Germany,1,1.99,1.99
193,1044,2011-04-23,37,2833,18,147,Germany,1,1.99,1.99
193,1045,2011-04-23,37,2839,19,148,Germany,1,1.99,1.99
193,1046,2011-04-23,37,2845,19,148,Germany,1,1.99,1.99
193,1047,2011-04-23,37,2851,21,148,Germany,1,1.99,1.99
194,1048,2011-04-28,46,2860,19,149,Ireland,1,1.99,1.99
194,1049,2011-04-28,46,2869,19,149,Ireland,1,1.99,1.99
194,1050,2011-04-28,46,2878,19,149,Ireland,1,1.99,1.99
194,1051,2011-04-28,46,2887,19,149,Ireland,1,1.99,1.99
194,1052,2011-04-28,46,2896,19,149,Ireland,1,1.99,1.99
194,1053,2011-04-28,46,2905,21,149,Ireland,1,1.99,1.99
194,1054,2011-04-28,46,2914,19,149,Ireland,1,1.99,1.99
194,1055,2011-04-28,46,2923,19,149,Ireland,1,1.99,1.99
194,1056,2011-04-28,46,2932,1,150,Ireland,1,0.99,0.99
194,1057,2011-04-28,46,2941,1,150,Ireland,1,0.99,0.99
194,1058,2011-04-28,46,2950,1,150,Ireland,1,0.99,0.99
194,1059,2011-04-28,46,2959,1,150,Ireland,1,0.99,0.99
194,1060,2011-04-28,46,2968,1,150,Ireland,1,0.99,0.99
194,1061,2011-04-28,46,2977,1,150,Ireland,1,0.99,0.99
195,1062,2011-05-06,1,2991,1,150,Brazil,1,0.99,0.99
196,1063,2011-05-19,2,2992,1,150,Germany,1,0.99,0.99
196,1064,2011-05-19,2,2993,1,150,Germany,1,0.99,0.99
197,1065,2011-05-19,4,2995,1,150,Norway,1,0.99,0.99
197,1066,2011-05-19,4,2997,1,150,Norway,1,0.99,0.99
198,1067,2011-05-20,6,2999,1,150,Czech Republic,1,0.99,0.99
198,1068,2011-05-20,6,3001,1,150,Czech Republic,1,0.99,0.99
198,1069,2011-05-20,6,3003,1,150,Czech Republic,1,0.99,0.99
198,1070,2011-05-20,6,3005,1,150,Czech Republic,1,0.99,0.99
199,1071,2011-05-21,10,3009,1,150,Brazil,1,0.99,0.99
199,1072,2011-05-21,10,3013,1,150,Brazil,1,0.99,0.99
199,1073,2011-05-21,10,3017,1,150,Brazil,1,0.99,0.99
199,1074,2011-05-21,10,3021,1,150,Brazil,1,0.99,0.99
199,1075,2011-05-21,10,3025,1,150,Brazil,1,0.99,0.99
199,1076,2011-05-21,10,3029,1,150,Brazil,1,0.99,0.99
200,1077,2011-05-24,16,3035,1,150,USA,1,0.99,0.99
200,1078,2011-05-24,16,3041,8,151,USA,1,0.99,0.99
200,1079,2011-05-24,16,3047,8,151,USA,1,0.99,0.99
200,1080,2011-05-24,16,3053,1,152,USA,1,0.99,0.99
200,1081,2011-05-24,16,3059,1,152,USA,1,0.99,0.99
200,1082,2011-05-24,16,3065,1,152,USA,1,0.99,0.99
200,1083,2011-05-24,16,3071,1,152,USA,1,0.99,0.99
200,1084,2011-05-24,16,3077,1,152,USA,1,0.99,0.99
200,1085,2011-05-24,16,3083,1,152,USA,1,0.99,0.99
201,1086,2011-05-29,25,3092,1,152,USA,1,0.99,0.99
201,1087,2011-05-29,25,3101,1,152,USA,1,0.99,0.99
201,1088,2011-05-29,25,3110,1,153,USA,1,0.99,0.99
201,1089,2011-05-29,25,3119,7,72,USA,1,0.99,0.99
201,1090,2011-05-29,25,3128,7,72,USA,1,0.99,0.99
201,1091,2011-05-29,25,3137,3,100,USA,1,0.99,0.99
201,1092,2011-05-29,25,3146,7,155,USA,1,0.99,0.99
201,1093,2011-05-29,25,3155,7,155,USA,1,0.99,0.99
201,1094,2011-05-29,25,3164,7,155,USA,1,0.99,0.99
201,1095,2011-05-29,25,3173,19,156,USA,1,1.99,1.99
201,1096,2011-05-29,25,3182,19,156,USA,1,1.99,1.99
201,1097,2011-05-29,25,3191,19,156,USA,1,1.99,1.99
201,1098,2011-05-29,25,3200,19,156,USA,1,1.99,1.99
201,1099,2011-05-29,25,3209,22,156,USA,1,1.99,1.99
202,1100,2011-06-06,39,3223,21,148,France,1,1.99,1.99
203,1101,2011-06-19,40,3224,21,149,France,1,1.99,1.99
203,1102,2011-06-19,40,3225,1,157,France,1,0.99,0.99
204,1103,2011-06-19,42,3227,20,158,France,1,1.99,1.99
204,1104,2011-06-19,42,3229,20,158,France,1,1.99,1.99
205,1105,2011-06-20,44,3231,20,158,Finland,1,1.99,1.99
205,1106,2011-06-20,44,3233,20,158,Finland,1,1.99,1.99
205,1107,2011-06-20,44,3235,20,158,Finland,1,1.99,1.99
205,1108,2011-06-20,44,3237,20,158,Finland,1,1.99,1.99
206,1109,2011-06-21,48,3241,20,158,Netherlands,1,1.99,1.99
206,1110,2011-06-21,48,3245,20,158,Netherlands,1,1.99,1.99
206,1111,2011-06-21,48,3249,20,158,Netherlands,1,1.99,1.99
206,1112,2011-06-21,48,3253,9,150,Netherlands,1,0.99,0.99
206,1113,2011-06-21,48,3257,9,150,Netherlands,1,0.99,0.99
206,1114,2011-06-21,48,3261,9,150,Netherlands,1,0.99,0.99
207,1115,2011-06-24,54,3267,9,150,United Kingdom,1,0.99,0.99
207,1116,2011-06-24,54,3273,9,150,United Kingdom,1,0.99,0.99
207,1117,2011-06-24,54,3279,1,114,United Kingdom,1,0.99,0.99
207,1118,2011-06-24,54,3285,1,114,United Kingdom,1,0.99,0.99
207,1119,2011-06-24,54,3291,1,179,United Kingdom,1,0.99,0.99
207,1120,2011-06-24,54,3297,1,179,United Kingdom,1,0.99,0.99
207,1121,2011-06-24,54,3303,17,180,United Kingdom,1,0.99,0.99
207,1122,2011-06-24,54,3309,17,180,United Kingdom,1,0.99,0.99
207,1123,2011-06-24,54,3315,17,180,United Kingdom,1,0.99,0.99
208,1124,2011-06-29,4,3324,15,36,Norway,1,0.99,0.99
208,1125,2011-06-29,4,3333,15,36,Norway,1,0.99,0.99
208,1126,2011-06-29,4,3342,21,149,Norway,1,1.99,1.99
208,1127,2011-06-29,4,3351,16,198,Norway,1,0.99,0.99
208,1128,2011-06-29,4,3360,21,149,Norway,1,1.99,1.99
208,1129,2011-06-29,4,3369,23,204,Norway,1,0.99,0.99
208,1130,2011-06-29,4,3378,23,205,Norway,1,0.99,0.99
208,1131,2011-06-29,4,3387,23,205,Norway,1,0.99,0.99
208,1132,2011-06-29,4,3396,23,8,Norway,1,0.99,0.99
208,1133,2011-06-29,4,3405,24,208,Norway,1,0.99,0.99
208,1134,2011-06-29,4,3414,24,217,Norway,1,0.99,0.99
208,1135,2011-06-29,4,3423,24,226,Norway,1,0.99,0.99
208,1136,2011-06-29,4,3432,24,233,Norway,1,0.99,0.99
208,1137,2011-06-29,4,3441,24,242,Norway,1,0.99,0.99
209,1138,2011-07-07,18,3455,14,252,USA,1,0.99,0.99
210,1139,2011-07-20,19,3456,14,252,USA,1,0.99,0.99
210,1140,2011-07-20,19,3457,14,252,USA,1,0.99,0.99
211,1141,2011-07-20,21,3459,14,252,USA,1,0.99,0.99
211,1142,2011-07-20,21,3461,14,252,USA,1,0.99,0.99
212,1143,2011-07-21,23,3463,14,252,USA,1,0.99,0.99
212,1144,2011-07-21,23,3465,14,252,USA,1,0.99,0.99
212,1145,2011-07-21,23,3467,9,252,USA,1,0.99,0.99
212,1146,2011-07-21,23,3469,9,252,USA,1,0.99,0.99
213,1147,2011-07-22,27,3473,9,252,USA,1,0.99,0.99
213,1148,2011-07-22,27,3477,9,252,USA,1,0.99,0.99
213,1149,2011-07-22,27,3481,24,256,USA,1,0.99,0.99
213,1150,2011-07-22,27,3485,24,260,USA,1,0.99,0.99
213,1151,2011-07-22,27,3489,24,264,USA,1,0.99,0.99
213,1152,2011-07-22,27,3493,24,266,USA,1,0.99,0.99
214,1153,2011-07-25,33,3499,24,226,Canada,1,0.99,0.99
214,1154,2011-07-25,33,2,1,2,Canada,1,0.99,0.99
214,1155,2011-07-25,33,8,1,1,Canada,1,0.99,0.99
214,1156,2011-07-25,33,14,1,1,Canada,1,0.99,0.99
214,1157,2011-07-25,33,20,1,1,Canada,1,0.99,0.99
214,1158,2011-07-25,33,26,1,3,Canada,1,0.99,0.99
214,1159,2011-07-25,33,32,1,3,Canada,1,0.99,0.99
214,1160,2011-07-25,33,38,1,4,Canada,1,0.99,0.99
214,1161,2011-07-25,33,44,1,4,Canada,1,0.99,0.99
215,1162,2011-07-30,42,53,1,5,France,1,0.99,0.99
215,1163,2011-07-30,42,62,1,5,France,1,0.99,0.99
215,1164,2011-07-30,42,71,2,6,France,1,0.99,0.99
215,1165,2011-07-30,42,80,3,7,France,1,0.99,0.99
215,1166,2011-07-30,42,89,1,8,France,1,0.99,0.99
215,1167,2011-07-30,42,98,1,8,France,1,0.99,0.99
215,1168,2011-07-30,42,107,4,8,France,1,0.99,0.99
215,1169,2011-07-30,42,116,5,9,France,1,0.99,0.99
215,1170,2011-07-30,42,125,2,10,France,1,0.99,0.99
215,1171,2011-07-30,42,134,3,11,France,1,0.99,0.99
215,1172,2011-07-30,42,143,3,11,France,1,0.99,0.99
215,1173,2011-07-30,42,152,3,12,France,1,0.99,0.99
215,1174,2011-07-30,42,161,3,12,France,1,0.99,0.99
215,1175,2011-07-30,42,170,4,13,France,1,0.99,0.99
216,1176,2011-08-07,56,184,3,14,Argentina,1,0.99,0.99
217,1177,2011-08-20,57,185,3,14,Chile,1,0.99,0.99
217,1178,2011-08-20,57,186,3,14,Chile,1,0.99,0.99
218,1179,2011-08-20,59,188,3,14,India,1,0.99,0.99
218,1180,2011-08-20,59,190,3,14,India,1,0.99,0.99
219,1181,2011-08-21,2,192,3,14,Germany,1,0.99,0.99
219,1182,2011-08-21,2,194,6,15,Germany,1,0.99,0.99
219,1183,2011-08-21,2,196,6,15,Germany,1,0.99,0.99
219,1184,2011-08-21,2,198,6,15,Germany,1,0.99,0.99
220,1185,2011-08-22,6,202,6,15,Czech Republic,1,0.99,0.99
220,1186,2011-08-22,6,206,7,16,Czech Republic,1,0.99,0.99
220,1187,2011-08-22,6,210,7,16,Czech Republic,1,0.99,0.99
220,1188,2011-08-22,6,214,7,16,Czech Republic,1,0.99,0.99
220,1189,2011-08-22,6,218,7,16,Czech Republic,1,0.99,0.99
220,1190,2011-08-22,6,222,7,16,Czech Republic,1,0.99,0.99
221,1191,2011-08-25,12,228,7,17,Brazil,1,0.99,0.99
221,1192,2011-08-25,12,234,7,17,Brazil,1,0.99,0.99
221,1193,2011-08-25,12,240,7,17,Brazil,1,0.99,0.99
221,1194,2011-08-25,12,246,7,18,Brazil,1,0.99,0.99
221,1195,2011-08-25,12,252,7,18,Brazil,1,0.99,0.99
221,1196,2011-08-25,12,258,7,18,Brazil,1,0.99,0.99
221,1197,2011-08-25,12,264,7,18,Brazil,1,0.99,0.99
221,1198,2011-08-25,12,270,7,18,Brazil,1,0.99,0.99
221,1199,2011-08-25,12,276,7,18,Brazil,1,0.99,0.99
222,1200,2011-08-30,21,285,8,19,USA,1,0.99,0.99
222,1201,2011-08-30,21,294,8,19,USA,1,0.99,0.99
222,1202,2011-08-30,21,303,8,19,USA,1,0.99,0.99
222,1203,2011-08-30,21,312,8,19,USA,1,0.99,0.99
222,1204,2011-08-30,21,321,7,20,USA,1,0.99,0.99
222,1205,2011-08-30,21,330,9,21,USA,1,0.99,0.99
222,1206,2011-08-30,21,339,1,22,USA,1,0.99,0.99
222,1207,2011-08-30,21,348,1,22,USA,1,0.99,0.99
222,1208,2011-08-30,21,357,1,23,USA,1,0.99,0.99
222,1209,2011-08-30,21,366,10,21,USA,1,0.99,0.99
222,1210,2011-08-30,21,375,7,24,USA,1,0.99,0.99
222,1211,2011-08-30,21,384,7,24,USA,1,0.99,0.99
222,1212,2011-08-30,21,393,7,6,USA,1,0.99,0.99
222,1213,2011-08-30,21,402,7,6,USA,1,0.99,0.99
223,1214,2011-09-07,35,416,3,50,Portugal,1,0.99,0.99
224,1215,2011-09-20,36,417,3,50,Germany,1,0.99,0.99
224,1216,2011-09-20,36,418,3,50,Germany,1,0.99,0.99
225,1217,2011-09-20,38,420,1,51,Germany,1,0.99,0.99
225,1218,2011-09-20,38,422,1,51,Germany,1,0.99,0.99
226,1219,2011-09-21,40,424,1,51,France,1,0.99,0.99
226,1220,2011-09-21,40,426,1,51,France,1,0.99,0.99
226,1221,2011-09-21,40,428,1,51,France,1,0.99,0.99
226,1222,2011-09-21,40,430,1,51,France,1,0.99,0.99
227,1223,2011-09-22,44,434,1,51,Finland,1,0.99,0.99
227,1224,2011-09-22,44,438,1,52,Finland,1,0.99,0.99
227,1225,2011-09-22,44,442,1,52,Finland,1,0.99,0.99
227,1226,2011-09-22,44,446,1,52,Finland,1,0.99,0.99
227,1227,2011-09-22,44,450,1,52,Finland,1,0.99,0.99
227,1228,2011-09-22,44,454,1,52,Finland,1,0.99,0.99
228,1229,2011-09-25,50,460,2,53,Spain,1,0.99,0.99
228,1230,2011-09-25,50,466,2,53,Spain,1,0.99,0.99
228,1231,2011-09-25,50,472,4,54,Spain,1,0.99,0.99
228,1232,2011-09-25,50,478,4,54,Spain,1,0.99,0.99
228,1233,2011-09-25,50,484,4,54,Spain,1,0.99,0.99
228,1234,2011-09-25,50,490,1,55,Spain,1,0.99,0.99
228,1235,2011-09-25,50,496,1,55,Spain,1,0.99,0.99
228,1236,2011-09-25,50,502,7,56,Spain,1,0.99,0.99
228,1237,2011-09-25,50,508,7,56,Spain,1,0.99,0.99
229,1238,2011-09-30,59,517,7,17,India,1,0.99,0.99
229,1239,2011-09-30,59,526,7,17,India,1,0.99,0.99
229,1240,2011-09-30,59,535,4,57,India,1,0.99,0.99
229,1241,2011-09-30,59,544,1,58,India,1,0.99,0.99
229,1242,2011-09-30,59,553,1,22,India,1,0.99,0.99
229,1243,2011-09-30,59,562,7,21,India,1,0.99,0.99
229,1244,2011-09-30,59,571,1,59,India,1,0.99,0.99
229,1245,2011-09-30,59,580,1,59,India,1,0.99,0.99
229,1246,2011-09-30,59,589,7,37,India,1,0.99,0.99
229,1247,2011-09-30,59,598,2,68,India,1,0.99,0.99
229,1248,2011-09-30,59,607,2,68,India,1,0.99,0.99
229,1249,2011-09-30,59,616,2,68,India,1,0.99,0.99
229,1250,2011-09-30,59,625,2,69,India,1,0.99,0.99
229,1251,2011-09-30,59,634,2,69,India,1,0.99,0.99
230,1252,2011-10-08,14,648,11,70,Canada,1,0.99,0.99
231,1253,2011-10-21,15,649,11,70,Canada,1,0.99,0.99
231,1254,2011-10-21,15,650,11,70,Canada,1,0.99,0.99
232,1255,2011-10-21,17,652,11,70,USA,1,0.99,0.99
232,1256,2011-10-21,17,654,11,70,USA,1,0.99,0.99
233,1257,2011-10-22,19,656,11,70,USA,1,0.99,0.99
233,1258,2011-10-22,19,658,11,70,USA,1,0.99,0.99
233,1259,2011-10-22,19,660,11,70,USA,1,0.99,0.99
233,1260,2011-10-22,19,662,7,21,USA,1,0.99,0.99
234,1261,2011-10-23,23,666,7,21,USA,1,0.99,0.99
234,1262,2011-10-23,23,670,7,21,USA,1,0.99,0.99
234,1263,2011-10-23,23,674,7,21,USA,1,0.99,0.99
234,1264,2011-10-23,23,678,1,76,USA,1,0.99,0.99
234,1265,2011-10-23,23,682,1,76,USA,1,0.99,0.99
234,1266,2011-10-23,23,686,1,76,USA,1,0.99,0.99
235,1267,2011-10-26,29,692,1,76,Canada,1,0.99,0.99
235,1268,2011-10-26,29,698,1,76,Canada,1,0.99,0.99
235,1269,2011-10-26,29,704,1,76,Canada,1,0.99,0.99
235,1270,2011-10-26,29,710,1,76,Canada,1,0.99,0.99
235,1271,2011-10-26,29,716,7,77,Canada,1,0.99,0.99
235,1272,2011-10-26,29,722,7,77,Canada,1,0.99,0.99
235,1273,2011-10-26,29,728,7,77,Canada,1,0.99,0.99
235,1274,2011-10-26,29,734,7,77,Canada,1,0.99,0.99
235,1275,2011-10-26,29,740,7,77,Canada,1,0.99,0.99
236,1276,2011-10-31,38,749,1,58,Germany,1,0.99,0.99
236,1277,2011-10-31,38,758,1,58,Germany,1,0.99,0.99
236,1278,2011-10-31,38,767,1,58,Germany,1,0.99,0.99
236,1279,2011-10-31,38,776,1,58,Germany,1,0.99,0.99
236,1280,2011-10-31,38,785,1,58,Germany,1,0.99,0.99
236,1281,2011-10-31,38,794,1,58,Germany,1,0.99,0.99
236,1282,2011-10-31,38,803,1,58,Germany,1,0.99,0.99
236,1283,2011-10-31,38,812,1,58,Germany,1,0.99,0.99
236,1284,2011-10-31,38,821,1,58,Germany,1,0.99,0.99
236,1285,2011-10-31,38,830,1,78,Germany,1,0.99,0.99
236,1286,2011-10-31,38,839,1,78,Germany,1,0.99,0.99
236,1287,2011-10-31,38,848,2,79,Germany,1,0.99,0.99
236,1288,2011-10-31,38,857,7,80,Germany,1,0.99,0.99
236,1289,2011-10-31,38,866,7,80,Germany,1,0.99,0.99
237,1290,2011-11-08,52,880,7,41,United Kingdom,1,0.99,0.99
238,1291,2011-11-21,53,881,7,41,United Kingdom,1,0.99,0.99
238,1292,2011-11-21,53,882,7,41,United Kingdom,1,0.99,0.99
239,1293,2011-11-21,55,884,7,41,Australia,1,0.99,0.99
239,1294,2011-11-21,55,886,7,41,Australia,1,0.99,0.99
240,1295,2011-11-22,57,888,7,41,Chile,1,0.99,0.99
240,1296,2011-11-22,57,890,7,41,Chile,1,0.99,0.99
240,1297,2011-11-22,57,892,6,81,Chile,1,0.99,0.99
240,1298,2011-11-22,57,894,6,81,Chile,1,0.99,0.99
241,1299,2011-11-23,2,898,6,81,Germany,1,0.99,0.99
241,1300,2011-11-23,2,902,6,81,Germany,1,0.99,0.99
241,1301,2011-11-23,2,906,6,81,Germany,1,0.99,0.99
241,1302,2011-11-23,2,910,6,81,Germany,1,0.99,0.99
241,1303,2011-11-23,2,914,6,81,Germany,1,0.99,0.99
241,1304,2011-11-23,2,918,6,81,Germany,1,0.99,0.99
242,1305,2011-11-26,8,924,4,82,Belgium,1,0.99,0.99
242,1306,2011-11-26,8,930,4,82,Belgium,1,0.99,0.99
242,1307,2011-11-26,8,936,4,82,Belgium,1,0.99,0.99
242,1308,2011-11-26,8,942,4,82,Belgium,1,0.99,0.99
242,1309,2011-11-26,8,948,4,82,Belgium,1,0.99,0.99
242,1310,2011-11-26,8,954,1,82,Belgium,1,0.99,0.99
242,1311,2011-11-26,8,960,1,82,Belgium,1,0.99,0.99
242,1312,2011-11-26,8,966,4,82,Belgium,1,0.99,0.99
242,1313,2011-11-26,8,972,4,82,Belgium,1,0.99,0.99
243,1314,2011-12-01,17,981,7,83,USA,1,0.99,0.99
243,1315,2011-12-01,17,990,1,84,USA,1,0.99,0.99
243,1316,2011-12-01,17,999,1,84,USA,1,0.99,0.99
243,1317,2011-12-01,17,1008,1,84,USA,1,0.99,0.99
243,1318,2011-12-01,17,1017,4,84,USA,1,0.99,0.99
243,1319,2011-12-01,17,1026,1,84,USA,1,0.99,0.99
243,1320,2011-12-01,17,1035,12,85,USA,1,0.99,0.99
243,1321,2011-12-01,17,1044,12,85,USA,1,0.99,0.99
243,1322,2011-12-01,17,1053,12,85,USA,1,0.99,0.99
243,1323,2011-12-01,17,1062,7,86,USA,1,0.99,0.99
243,1324,2011-12-01,17,1071,7,86,USA,1,0.99,0.99
243,1325,2011-12-01,17,1080,10,27,USA,1,0.99,0.99
243,1326,2011-12-01,17,1089,7,27,USA,1,0.99,0.99
243,1327,2011-12-01,17,1098,7,27,USA,1,0.99,0.99
244,1328,2011-12-09,31,1112,7,81,Canada,1,0.99,0.99
245,1329,2011-12-22,32,1113,7,81,Canada,1,0.99,0.99
245,1330,2011-12-22,32,1114,7,81,Canada,1,0.99,0.99
246,1331,2011-12-22,34,1116,7,81,Portugal,1,0.99,0.99
246,1332,2011-12-22,34,1118,7,81,Portugal,1,0.99,0.99
247,1333,2011-12-23,36,1120,7,81,Germany,1,0.99,0.99
247,1334,2011-12-23,36,1122,3,87,Germany,1,0.99,0.99
247,1335,2011-12-23,36,1124,3,87,Germany,1,0.99,0.99
247,1336,2011-12-23,36,1126,3,87,Germany,1,0.99,0.99
248,1337,2011-12-24,40,1130,3,87,France,1,0.99,0.99
248,1338,2011-12-24,40,1134,4,54,France,1,0.99,0.99
248,1339,2011-12-24,40,1138,4,54,France,1,0.99,0.99
248,1340,2011-12-24,40,1142,4,54,France,1,0.99,0.99
248,1341,2011-12-24,40,1146,1,88,France,1,0.99,0.99
248,1342,2011-12-24,40,1150,1,88,France,1,0.99,0.99
249,1343,2011-12-27,46,1156,1,88,Ireland,1,0.99,0.99
249,1344,2011-12-27,46,1162,1,88,Ireland,1,0.99,0.99
249,1345,2011-12-27,46,1168,1,88,Ireland,1,0.99,0.99
249,1346,2011-12-27,46,1174,3,88,Ireland,1,0.99,0.99
249,1347,2011-12-27,46,1180,3,88,Ireland,1,0.99,0.99
249,1348,2011-12-27,46,1186,3,88,Ireland,1,0.99,0.99
249,1349,2011-12-27,46,1192,2,89,Ireland,1,0.99,0.99
249,1350,2011-12-27,46,1198,2,89,Ireland,1,0.99,0.99
249,1351,2011-12-27,46,1204,1,90,Ireland,1,0.99,0.99
250,1352,2012-01-01,55,1213,3,90,Australia,1,0.99,0.99
250,1353,2012-01-01,55,1222,3,90,Australia,1,0.99,0.99
250,1354,2012-01-01,55,1231,3,90,Australia,1,0.99,0.99
250,1355,2012-01-01,55,1240,1,90,Australia,1,0.99,0.99
250,1356,2012-01-01,55,1249,13,90,Australia,1,0.99,0.99
250,1357,2012-01-01,55,1258,1,90,Australia,1,0.99,0.99
250,1358,2012-01-01,55,1267,1,90,Australia,1,0.99,0.99
250,1359,2012-01-01,55,1276,6,90,Australia,1,0.99,0.99
250,1360,2012-01-01,55,1285,13,90,Australia,1,0.99,0.99
250,1361,2012-01-01,55,1294,3,90,Australia,1,0.99,0.99
250,1362,2012-01-01,55,1303,13,90,Australia,1,0.99,0.99
250,1363,2012-01-01,55,1312,1,90,Australia,1,0.99,0.99
250,1364,2012-01-01,55,1321,1,90,Australia,1,0.99,0.99
250,1365,2012-01-01,55,1330,3,90,Australia,1,0.99,0.99
251,1366,2012-01-09,10,1344,3,90,Brazil,1,0.99,0.99
252,1367,2012-01-22,11,1345,3,90,Brazil,1,0.99,0.99
252,1368,2012-01-22,11,1346,3,90,Brazil,1,0.99,0.99
253,1369,2012-01-22,13,1348,3,90,Brazil,1,0.99,0.99
253,1370,2012-01-22,13,1350,3,90,Brazil,1,0.99,0.99
254,1371,2012-01-23,15,1352,3,90,Canada,1,0.99,0.99
254,1372,2012-01-23,15,1354,3,90,Canada,1,0.99,0.99
254,1373,2012-01-23,15,1356,3,90,Canada,1,0.99,0.99
254,1374,2012-01-23,15,1358,3,90,Canada,1,0.99,0.99
255,1375,2012-01-24,19,1362,1,90,USA,1,0.99,0.99
255,1376,2012-01-24,19,1366,1,90,USA,1,0.99,0.99
255,1377,2012-01-24,19,1370,1,90,USA,1,0.99,0.99
255,1378,2012-01-24,19,1374,3,90,USA,1,0.99,0.99
255,1379,2012-01-24,19,1378,3,90,USA,1,0.99,0.99
255,1380,2012-01-24,19,1382,3,90,USA,1,0.99,0.99
256,1381,2012-01-27,25,1388,3,90,USA,1,0.99,0.99
256,1382,2012-01-27,25,1394,3,90,USA,1,0.99,0.99
256,1383,2012-01-27,25,1400,1,90,USA,1,0.99,0.99
256,1384,2012-01-27,25,1406,1,90,USA,1,0.99,0.99
256,1385,2012-01-27,25,1412,1,90,USA,1,0.99,0.99
256,1386,2012-01-27,25,1418,14,91,USA,1,0.99,0.99
256,1387,2012-01-27,25,1424,14,91,USA,1,0.99,0.99
256,1388,2012-01-27,25,1430,14,91,USA,1,0.99,0.99
256,1389,2012-01-27,25,1436,1,92,USA,1,0.99,0.99
257,1390,2012-02-01,34,1445,14,92,Portugal,1,0.99,0.99
257,1391,2012-02-01,34,1454,14,92,Portugal,1,0.99,0.99
257,1392,2012-02-01,34,1463,15,92,Portugal,1,0.99,0.99
257,1393,2012-02-01,34,1472,4,93,Portugal,1,0.99,0.99
257,1394,2012-02-01,34,1481,1,94,Portugal,1,0.99,0.99
257,1395,2012-02-01,34,1490,1,94,Portugal,1,0.99,0.99
257,1396,2012-02-01,34,1499,1,95,Portugal,1,0.99,0.99
257,1397,2012-02-01,34,1508,7,46,Portugal,1,0.99,0.99
257,1398,2012-02-01,34,1517,7,46,Portugal,1,0.99,0.99
257,1399,2012-02-01,34,1526,7,96,Portugal,1,0.99,0.99
257,1400,2012-02-01,34,1535,16,97,Portugal,1,0.99,0.99
257,1401,2012-02-01,34,1544,16,97,Portugal,1,0.99,0.99
257,1402,2012-02-01,34,1553,3,98,Portugal,1,0.99,0.99
257,1403,2012-02-01,34,1562,1,52,Portugal,1,0.99,0.99
258,1404,2012-02-09,48,1576,1,52,Netherlands,1,0.99,0.99
259,1405,2012-02-22,49,1577,1,22,Poland,1,0.99,0.99
259,1406,2012-02-22,49,1578,1,22,Poland,1,0.99,0.99
260,1407,2012-02-22,51,1580,1,22,Sweden,1,0.99,0.99
260,1408,2012-02-22,51,1582,1,22,Sweden,1,0.99,0.99
261,1409,2012-02-23,53,1584,1,22,United Kingdom,1,0.99,0.99
261,1410,2012-02-23,53,1586,1,22,United Kingdom,1,0.99,0.99
261,1411,2012-02-23,53,1588,1,22,United Kingdom,1,0.99,0.99
261,1412,2012-02-23,53,1590,1,22,United Kingdom,1,0.99,0.99
262,1413,2012-02-24,57,1594,1,22,Chile,1,0.99,0.99
262,1414,2012-02-24,57,1598,1,22,Chile,1,0.99,0.99
262,1415,2012-02-24,57,1602,1,22,Chile,1,0.99,0.99
262,1416,2012-02-24,57,1606,1,22,Chile,1,0.99,0.99
262,1417,2012-02-24,57,1610,1,22,Chile,1,0.99,0.99
262,1418,2012-02-24,57,1614,1,22,Chile,1,0.99,0.99
263,1419,2012-02-27,4,1620,1,22,Norway,1,0.99,0.99
263,1420,2012-02-27,4,1626,1,22,Norway,1,0.99,0.99
263,1421,2012-02-27,4,1632,1,22,Norway,1,0.99,0.99
263,1422,2012-02-27,4,1638,1,22,Norway,1,0.99,0.99
263,1423,2012-02-27,4,1644,1,22,Norway,1,0.99,0.99
263,1424,2012-02-27,4,1650,1,22,Norway,1,0.99,0.99
263,1425,2012-02-27,4,1656,1,22,Norway,1,0.99,0.99
263,1426,2012-02-27,4,1662,1,22,Norway,1,0.99,0.99
263,1427,2012-02-27,4,1668,1,22,Norway,1,0.99,0.99
264,1428,2012-03-03,13,1677,7,99,Brazil,1,0.99,0.99
264,1429,2012-03-03,13,1686,7,99,Brazil,1,0.99,0.99
264,1430,2012-03-03,13,1695,7,99,Brazil,1,0.99,0.99
264,1431,2012-03-03,13,1704,1,100,Brazil,1,0.99,0.99
264,1432,2012-03-03,13,1713,1,100,Brazil,1,0.99,0.99
264,1433,2012-03-03,13,1722,7,101,Brazil,1,0.99,0.99
264,1434,2012-03-03,13,1731,7,101,Brazil,1,0.99,0.99
264,1435,2012-03-03,13,1740,7,101,Brazil,1,0.99,0.99
264,1436,2012-03-03,13,1749,1,102,Brazil,1,0.99,0.99
264,1437,2012-03-03,13,1758,7,103,Brazil,1,0.99,0.99
264,1438,2012-03-03,13,1767,7,103,Brazil,1,0.99,0.99
264,1439,2012-03-03,13,1776,14,104,Brazil,1,0.99,0.99
264,1440,2012-03-03,13,1785,14,104,Brazil,1,0.99,0.99
264,1441,2012-03-03,13,1794,1,105,Brazil,1,0.99,0.99
265,1442,2012-03-11,27,1808,3,50,USA,1,0.99,0.99
266,1443,2012-03-24,28,1809,3,50,USA,1,0.99,0.99
266,1444,2012-03-24,28,1810,3,50,USA,1,0.99,0.99
267,1445,2012-03-24,30,1812,3,50,Canada,1,0.99,0.99
267,1446,2012-03-24,30,1814,3,50,Canada,1,0.99,0.99
268,1447,2012-03-25,32,1816,3,50,Canada,1,0.99,0.99
268,1448,2012-03-25,32,1818,3,50,Canada,1,0.99,0.99
268,1449,2012-03-25,32,1820,3,50,Canada,1,0.99,0.99
268,1450,2012-03-25,32,1822,3,50,Canada,1,0.99,0.99
269,1451,2012-03-26,36,1826,3,50,Germany,1,0.99,0.99
269,1452,2012-03-26,36,1830,3,50,Germany,1,0.99,0.99
269,1453,2012-03-26,36,1834,3,50,Germany,1,0.99,0.99
269,1454,2012-03-26,36,1838,3,50,Germany,1,0.99,0.99
269,1455,2012-03-26,36,1842,3,50,Germany,1,0.99,0.99
269,1456,2012-03-26,36,1846,3,50,Germany,1,0.99,0.99
270,1457,2012-03-29,42,1852,3,50,France,1,0.99,0.99
270,1458,2012-03-29,42,1858,3,50,France,1,0.99,0.99
270,1459,2012-03-29,42,1864,3,50,France,1,0.99,0.99
270,1460,2012-03-29,42,1870,3,50,France,1,0.99,0.99
270,1461,2012-03-29,42,1876,3,50,France,1,0.99,0.99
270,1462,2012-03-29,42,1882,3,50,France,1,0.99,0.99
270,1463,2012-03-29,42,1888,3,50,France,1,0.99,0.99
270,1464,2012-03-29,42,1894,3,50,France,1,0.99,0.99
270,1465,2012-03-29,42,1900,3,50,France,1,0.99,0.99
271,1466,2012-04-03,51,1909,2,68,Sweden,1,0.99,0.99
271,1467,2012-04-03,51,1918,7,42,Sweden,1,0.99,0.99
271,1468,2012-04-03,51,1927,7,42,Sweden,1,0.99,0.99
271,1469,2012-04-03,51,1936,7,42,Sweden,1,0.99,0.99
271,1470,2012-04-03,51,1945,3,106,Sweden,1,0.99,0.99
271,1471,2012-04-03,51,1954,3,106,Sweden,1,0.99,0.99
271,1472,2012-04-03,51,1963,16,108,Sweden,1,0.99,0.99
271,1473,2012-04-03,51,1972,3,109,Sweden,1,0.99,0.99
271,1474,2012-04-03,51,1981,3,109,Sweden,1,0.99,0.99
271,1475,2012-04-03,51,1990,1,110,Sweden,1,0.99,0.99
271,1476,2012-04-03,51,1999,1,110,Sweden,1,0.99,0.99
271,1477,2012-04-03,51,2008,1,110,Sweden,1,0.99,0.99
271,1478,2012-04-03,51,2017,1,111,Sweden,1,0.99,0.99
271,1479,2012-04-03,51,2026,1,111,Sweden,1,0.99,0.99
272,1480,2012-04-11,6,2040,7,112,Czech Republic,1,0.99,0.99
273,1481,2012-04-24,7,2041,7,112,Austria,1,0.99,0.99
273,1482,2012-04-24,7,2042,7,112,Austria,1,0.99,0.99
274,1483,2012-04-24,9,2044,7,113,Denmark,1,0.99,0.99
274,1484,2012-04-24,9,2046,7,113,Denmark,1,0.99,0.99
275,1485,2012-04-25,11,2048,7,113,Brazil,1,0.99,0.99
275,1486,2012-04-25,11,2050,7,113,Brazil,1,0.99,0.99
275,1487,2012-04-25,11,2052,7,113,Brazil,1,0.99,0.99
275,1488,2012-04-25,11,2054,7,113,Brazil,1,0.99,0.99
276,1489,2012-04-26,15,2058,7,113,Canada,1,0.99,0.99
276,1490,2012-04-26,15,2062,7,113,Canada,1,0.99,0.99
276,1491,2012-04-26,15,2066,7,113,Canada,1,0.99,0.99
276,1492,2012-04-26,15,2070,7,113,Canada,1,0.99,0.99
276,1493,2012-04-26,15,2074,7,113,Canada,1,0.99,0.99
276,1494,2012-04-26,15,2078,7,113,Canada,1,0.99,0.99
277,1495,2012-04-29,21,2084,7,113,USA,1,0.99,0.99
277,1496,2012-04-29,21,2090,7,113,USA,1,0.99,0.99
277,1497,2012-04-29,21,2096,1,114,USA,1,0.99,0.99
277,1498,2012-04-29,21,2102,3,114,USA,1,0.99,0.99
277,1499,2012-04-29,21,2108,3,114,USA,1,0.99,0.99
277,1500,2012-04-29,21,2114,1,115,USA,1,0.99,0.99
277,1501,2012-04-29,21,2120,1,115,USA,1,0.99,0.99
277,1502,2012-04-29,21,2126,10,116,USA,1,0.99,0.99
277,1503,2012-04-29,21,2132,10,116,USA,1,0.99,0.99
278,1504,2012-05-04,30,2141,1,117,Canada,1,0.99,0.99
278,1505,2012-05-04,30,2150,1,118,Canada,1,0.99,0.99
278,1506,2012-05-04,30,2159,1,118,Canada,1,0.99,0.99
278,1507,2012-05-04,30,2168,4,118,Canada,1,0.99,0.99
278,1508,2012-05-04,30,2177,4,118,Canada,1,0.99,0.99
278,1509,2012-05-04,30,2186,1,118,Canada,1,0.99,0.99
278,1510,2012-05-04,30,2195,1,118,Canada,1,0.99,0.99
278,1511,2012-05-04,30,2204,1,118,Canada,1,0.99,0.99
278,1512,2012-05-04,30,2213,1,118,Canada,1,0.99,0.99
278,1513,2012-05-04,30,2222,8,100,Canada,1,0.99,0.99
278,1514,2012-05-04,30,2231,1,120,Canada,1,0.99,0.99
278,1515,2012-05-04,30,2240,17,121,Canada,1,0.99,0.99
278,1516,2012-05-04,30,2249,17,121,Canada,1,0.99,0.99
278,1517,2012-05-04,30,2258,1,51,Canada,1,0.99,0.99
279,1518,2012-05-12,44,2272,1,51,Finland,1,0.99,0.99
280,1519,2012-05-25,45,2273,1,51,Hungary,1,0.99,0.99
280,1520,2012-05-25,45,2274,1,51,Hungary,1,0.99,0.99
281,1521,2012-05-25,47,2276,1,51,Italy,1,0.99,0.99
281,1522,2012-05-25,47,2278,1,51,Italy,1,0.99,0.99
282,1523,2012-05-26,49,2280,1,51,Poland,1,0.99,0.99
282,1524,2012-05-26,49,2282,4,122,Poland,1,0.99,0.99
282,1525,2012-05-26,49,2284,4,122,Poland,1,0.99,0.99
282,1526,2012-05-26,49,2286,4,124,Poland,1,0.99,0.99
283,1527,2012-05-27,53,2290,4,124,United Kingdom,1,0.99,0.99
283,1528,2012-05-27,53,2294,4,124,United Kingdom,1,0.99,0.99
283,1529,2012-05-27,53,2298,1,124,United Kingdom,1,0.99,0.99
283,1530,2012-05-27,53,2302,1,124,United Kingdom,1,0.99,0.99
283,1531,2012-05-27,53,2306,1,124,United Kingdom,1,0.99,0.99
283,1532,2012-05-27,53,2310,4,122,United Kingdom,1,0.99,0.99
284,1533,2012-05-30,59,2316,4,122,India,1,0.99,0.99
284,1534,2012-05-30,59,2322,4,124,India,1,0.99,0.99
284,1535,2012-05-30,59,2328,4,124,India,1,0.99,0.99
284,1536,2012-05-30,59,2334,4,125,India,1,0.99,0.99
284,1537,2012-05-30,59,2340,4,125,India,1,0.99,0.99
284,1538,2012-05-30,59,2346,1,126,India,1,0.99,0.99
284,1539,2012-05-30,59,2352,1,126,India,1,0.99,0.99
284,1540,2012-05-30,59,2358,4,127,India,1,0.99,0.99
284,1541,2012-05-30,59,2364,4,127,India,1,0.99,0.99
285,1542,2012-06-04,9,2373,4,127,Denmark,1,0.99,0.99
285,1543,2012-06-04,9,2382,1,127,Denmark,1,0.99,0.99
285,1544,2012-06-04,9,2391,1,127,Denmark,1,0.99,0.99
285,1545,2012-06-04,9,2400,1,127,Denmark,1,0.99,0.99
285,1546,2012-06-04,9,2409,1,128,Denmark,1,0.99,0.99
285,1547,2012-06-04,9,2418,1,128,Denmark,1,0.99,0.99
285,1548,2012-06-04,9,2427,1,59,Denmark,1,0.99,0.99
285,1549,2012-06-04,9,2436,1,100,Denmark,1,0.99,0.99
285,1550,2012-06-04,9,2445,1,100,Denmark,1,0.99,0.99
285,1551,2012-06-04,9,2454,1,130,Denmark,1,0.99,0.99
285,1552,2012-06-04,9,2463,1,130,Denmark,1,0.99,0.99
285,1553,2012-06-04,9,2472,4,131,Denmark,1,0.99,0.99
285,1554,2012-06-04,9,2481,4,131,Denmark,1,0.99,0.99
285,1555,2012-06-04,9,2490,4,131,Denmark,1,0.99,0.99
286,1556,2012-06-12,23,2504,4,131,USA,1,0.99,0.99
287,1557,2012-06-25,24,2505,4,131,USA,1,0.99,0.99
287,1558,2012-06-25,24,2506,1,132,USA,1,0.99,0.99
288,1559,2012-06-25,26,2508,1,132,USA,1,0.99,0.99
288,1560,2012-06-25,26,2510,1,132,USA,1,0.99,0.99
289,1561,2012-06-26,28,2512,1,132,USA,1,0.99,0.99
289,1562,2012-06-26,28,2514,1,132,USA,1,0.99,0.99
289,1563,2012-06-26,28,2516,1,132,USA,1,0.99,0.99
289,1564,2012-06-26,28,2518,1,132,USA,1,0.99,0.99
290,1565,2012-06-27,32,2522,1,132,Canada,1,0.99,0.99
290,1566,2012-06-27,32,2526,2,53,Canada,1,0.99,0.99
290,1567,2012-06-27,32,2530,2,53,Canada,1,0.99,0.99
290,1568,2012-06-27,32,2534,6,133,Canada,1,0.99,0.99
290,1569,2012-06-27,32,2538,6,133,Canada,1,0.99,0.99
290,1570,2012-06-27,32,2542,1,134,Canada,1,0.99,0.99
291,1571,2012-06-30,38,2548,1,134,Germany,1,0.99,0.99
291,1572,2012-06-30,38,2554,3,135,Germany,1,0.99,0.99
291,1573,2012-06-30,38,2560,3,135,Germany,1,0.99,0.99
291,1574,2012-06-30,38,2566,1,136,Germany,1,0.99,0.99
291,1575,2012-06-30,38,2572,6,137,Germany,1,0.99,0.99
291,1576,2012-06-30,38,2578,6,137,Germany,1,0.99,0.99
291,1577,2012-06-30,38,2584,6,137,Germany,1,0.99,0.99
291,1578,2012-06-30,38,2590,6,137,Germany,1,0.99,0.99
291,1579,2012-06-30,38,2596,4,138,Germany,1,0.99,0.99
292,1580,2012-07-05,47,2605,4,138,Italy,1,0.99,0.99
292,1581,2012-07-05,47,2614,1,139,Italy,1,0.99,0.99
292,1582,2012-07-05,47,2623,1,139,Italy,1,0.99,0.99
292,1583,2012-07-05,47,2632,1,139,Italy,1,0.99,0.99
292,1584,2012-07-05,47,2641,1,140,Italy,1,0.99,0.99
292,1585,2012-07-05,47,2650,1,141,Italy,1,0.99,0.99
292,1586,2012-07-05,47,2659,1,141,Italy,1,0.99,0.99
292,1587,2012-07-05,47,2668,1,142,Italy,1,0.99,0.99
292,1588,2012-07-05,47,2677,1,142,Italy,1,0.99,0.99
292,1589,2012-07-05,47,2686,1,142,Italy,1,0.99,0.99
292,1590,2012-07-05,47,2695,1,142,Italy,1,0.99,0.99
292,1591,2012-07-05,47,2704,1,142,Italy,1,0.99,0.99
292,1592,2012-07-05,47,2713,4,143,Italy,1,0.99,0.99
292,1593,2012-07-05,47,2722,4,143,Italy,1,0.99,0.99
293,1594,2012-07-13,2,2736,1,144,Germany,1,0.99,0.99
294,1595,2012-07-26,3,2737,1,144,Canada,1,0.99,0.99
294,1596,2012-07-26,3,2738,1,144,Canada,1,0.99,0.99
295,1597,2012-07-26,5,2740,1,144,Czech Republic,1,0.99,0.99
295,1598,2012-07-26,5,2742,1,144,Czech Republic,1,0.99,0.99
296,1599,2012-07-27,7,2744,1,144,Austria,1,0.99,0.99
296,1600,2012-07-27,7,2746,1,144,Austria,1,0.99,0.99
296,1601,2012-07-27,7,2748,1,144,Austria,1,0.99,0.99
296,1602,2012-07-27,7,2750,1,144,Austria,1,0.99,0.99
297,1603,2012-07-28,11,2754,7,145,Brazil,1,0.99,0.99
297,1604,2012-07-28,11,2758,7,145,Brazil,1,0.99,0.99
297,1605,2012-07-28,11,2762,7,145,Brazil,1,0.99,0.99
297,1606,2012-07-28,11,2766,7,145,Brazil,1,0.99,0.99
297,1607,2012-07-28,11,2770,7,145,Brazil,1,0.99,0.99
297,1608,2012-07-28,11,2774,7,145,Brazil,1,0.99,0.99
298,1609,2012-07-31,17,2780,7,145,USA,1,0.99,0.99
298,1610,2012-07-31,17,2786,4,146,USA,1,0.99,0.99
298,1611,2012-07-31,17,2792,4,146,USA,1,0.99,0.99
298,1612,2012-07-31,17,2798,4,146,USA,1,0.99,0.99
298,1613,2012-07-31,17,2804,4,146,USA,1,0.99,0.99
298,1614,2012-07-31,17,2810,4,146,USA,1,0.99,0.99
298,1615,2012-07-31,17,2816,4,146,USA,1,0.99,0.99
298,1616,2012-07-31,17,2822,19,147,USA,1,1.99,1.99
298,1617,2012-07-31,17,2828,18,147,USA,1,1.99,1.99
299,1618,2012-08-05,26,2837,20,147,USA,1,1.99,1.99
299,1619,2012-08-05,26,2846,21,148,USA,1,1.99,1.99
299,1620,2012-08-05,26,2855,21,148,USA,1,1.99,1.99
299,1621,2012-08-05,26,2864,19,149,USA,1,1.99,1.99
299,1622,2012-08-05,26,2873,19,149,USA,1,1.99,1.99
299,1623,2012-08-05,26,2882,21,149,USA,1,1.99,1.99
299,1624,2012-08-05,26,2891,21,149,USA,1,1.99,1.99
299,1625,2012-08-05,26,2900,21,149,USA,1,1.99,1.99
299,1626,2012-08-05,26,2909,21,149,USA,1,1.99,1.99
299,1627,2012-08-05,26,2918,19,149,USA,1,1.99,1.99
299,1628,2012-08-05,26,2927,1,150,USA,1,0.99,0.99
299,1629,2012-08-05,26,2936,1,150,USA,1,0.99,0.99
299,1630,2012-08-05,26,2945,1,150,USA,1,0.99,0.99
299,1631,2012-08-05,26,2954,1,150,USA,1,0.99,0.99
300,1632,2012-08-13,40,2968,1,150,France,1,0.99,0.99
301,1633,2012-08-26,41,2969,1,150,France,1,0.99,0.99
301,1634,2012-08-26,41,2970,1,150,France,1,0.99,0.99
302,1635,2012-08-26,43,2972,1,150,France,1,0.99,0.99
302,1636,2012-08-26,43,2974,1,150,France,1,0.99,0.99
303,1637,2012-08-27,45,2976,1,150,Hungary,1,0.99,0.99
303,1638,2012-08-27,45,2978,1,150,Hungary,1,0.99,0.99
303,1639,2012-08-27,45,2980,1,150,Hungary,1,0.99,0.99
303,1640,2012-08-27,45,2982,1,150,Hungary,1,0.99,0.99
304,1641,2012-08-28,49,2986,1,150,Poland,1,0.99,0.99
304,1642,2012-08-28,49,2990,1,150,Poland,1,0.99,0.99
304,1643,2012-08-28,49,2994,1,150,Poland,1,0.99,0.99
304,1644,2012-08-28,49,2998,1,150,Poland,1,0.99,0.99
304,1645,2012-08-28,49,3002,1,150,Poland,1,0.99,0.99
304,1646,2012-08-28,49,3006,1,150,Poland,1,0.99,0.99
305,1647,2012-08-31,55,3012,1,150,Australia,1,0.99,0.99
305,1648,2012-08-31,55,3018,1,150,Australia,1,0.99,0.99
305,1649,2012-08-31,55,3024,1,150,Australia,1,0.99,0.99
305,1650,2012-08-31,55,3030,1,150,Australia,1,0.99,0.99
305,1651,2012-08-31,55,3036,1,150,Australia,1,0.99,0.99
305,1652,2012-08-31,55,3042,8,151,Australia,1,0.99,0.99
305,1653,2012-08-31,55,3048,8,151,Australia,1,0.99,0.99
305,1654,2012-08-31,55,3054,1,152,Australia,1,0.99,0.99
305,1655,2012-08-31,55,3060,1,152,Australia,1,0.99,0.99
306,1656,2012-09-05,5,3069,1,152,Czech Republic,1,0.99,0.99
306,1657,2012-09-05,5,3078,1,152,Czech Republic,1,0.99,0.99
306,1658,2012-09-05,5,3087,1,152,Czech Republic,1,0.99,0.99
306,1659,2012-09-05,5,3096,1,152,Czech Republic,1,0.99,0.99
306,1660,2012-09-05,5,3105,1,153,Czech Republic,1,0.99,0.99
306,1661,2012-09-05,5,3114,1,153,Czech Republic,1,0.99,0.99
306,1662,2012-09-05,5,3123,7,72,Czech Republic,1,0.99,0.99
306,1663,2012-09-05,5,3132,3,100,Czech Republic,1,0.99,0.99
306,1664,2012-09-05,5,3141,3,100,Czech Republic,1,0.99,0.99
306,1665,2012-09-05,5,3150,7,155,Czech Republic,1,0.99,0.99
306,1666,2012-09-05,5,3159,7,155,Czech Republic,1,0.99,0.99
306,1667,2012-09-05,5,3168,21,148,Czech Republic,1,1.99,1.99
306,1668,2012-09-05,5,3177,19,156,Czech Republic,1,1.99,1.99
306,1669,2012-09-05,5,3186,19,156,Czech Republic,1,1.99,1.99
307,1670,2012-09-13,19,3200,19,156,USA,1,1.99,1.99
308,1671,2012-09-26,20,3201,19,156,USA,1,1.99,1.99
308,1672,2012-09-26,20,3202,19,156,USA,1,1.99,1.99
309,1673,2012-09-26,22,3204,19,156,USA,1,1.99,1.99
309,1674,2012-09-26,22,3206,19,156,USA,1,1.99,1.99
310,1675,2012-09-27,24,3208,22,156,USA,1,1.99,1.99
310,1676,2012-09-27,24,3210,22,156,USA,1,1.99,1.99
310,1677,2012-09-27,24,3212,22,156,USA,1,1.99,1.99
310,1678,2012-09-27,24,3214,22,156,USA,1,1.99,1.99
311,1679,2012-09-28,28,3218,22,156,USA,1,1.99,1.99
311,1680,2012-09-28,28,3222,22,156,USA,1,1.99,1.99
311,1681,2012-09-28,28,3226,20,158,USA,1,1.99,1.99
311,1682,2012-09-28,28,3230,20,158,USA,1,1.99,1.99
311,1683,2012-09-28,28,3234,20,158,USA,1,1.99,1.99
311,1684,2012-09-28,28,3238,20,158,USA,1,1.99,1.99
312,1685,2012-10-01,34,3244,20,158,Portugal,1,1.99,1.99
312,1686,2012-10-01,34,3250,19,159,Portugal,1,1.99,1.99
312,1687,2012-10-01,34,3256,9,150,Portugal,1,0.99,0.99
312,1688,2012-10-01,34,3262,9,150,Portugal,1,0.99,0.99
312,1689,2012-10-01,34,3268,9,150,Portugal,1,0.99,0.99
312,1690,2012-10-01,34,3274,9,150,Portugal,1,0.99,0.99
312,1691,2012-10-01,34,3280,1,114,Portugal,1,0.99,0.99
312,1692,2012-10-01,34,3286,1,114,Portugal,1,0.99,0.99
312,1693,2012-10-01,34,3292,1,179,Portugal,1,0.99,0.99
313,1694,2012-10-06,43,3301,17,180,France,1,0.99,0.99
313,1695,2012-10-06,43,3310,17,180,France,1,0.99,0.99
313,1696,2012-10-06,43,3319,15,36,France,1,0.99,0.99
313,1697,2012-10-06,43,3328,15,36,France,1,0.99,0.99
313,1698,2012-10-06,43,3337,21,149,France,1,1.99,1.99
313,1699,2012-10-06,43,3346,19,149,France,1,1.99,1.99
313,1700,2012-10-06,43,3355,1,200,France,1,0.99,0.99
313,1701,2012-10-06,43,3364,21,149,France,1,1.99,1.99
313,1702,2012-10-06,43,3373,23,204,France,1,0.99,0.99
313,1703,2012-10-06,43,3382,23,205,France,1,0.99,0.99
313,1704,2012-10-06,43,3391,23,8,France,1,0.99,0.99
313,1705,2012-10-06,43,3400,23,8,France,1,0.99,0.99
313,1706,2012-10-06,43,3409,24,212,France,1,0.99,0.99
313,1707,2012-10-06,43,3418,24,221,France,1,0.99,0.99
314,1708,2012-10-14,57,3432,24,233,Chile,1,0.99,0.99
315,1709,2012-10-27,58,3433,24,234,India,1,0.99,0.99
315,1710,2012-10-27,58,3434,24,235,India,1,0.99,0.99
316,1711,2012-10-27,1,3436,24,237,Brazil,1,0.99,0.99
316,1712,2012-10-27,1,3438,24,214,Brazil,1,0.99,0.99
317,1713,2012-10-28,3,3440,24,241,Canada,1,0.99,0.99
317,1714,2012-10-28,3,3442,24,243,Canada,1,0.99,0.99
317,1715,2012-10-28,3,3444,24,245,Canada,1,0.99,0.99
317,1716,2012-10-28,3,3446,24,245,Canada,1,0.99,0.99
318,1717,2012-10-29,7,3450,24,248,Austria,1,0.99,0.99
318,1718,2012-10-29,7,3454,24,248,Austria,1,0.99,0.99
318,1719,2012-10-29,7,3458,14,252,Austria,1,0.99,0.99
318,1720,2012-10-29,7,3462,14,252,Austria,1,0.99,0.99
318,1721,2012-10-29,7,3466,14,252,Austria,1,0.99,0.99
318,1722,2012-10-29,7,3470,9,252,Austria,1,0.99,0.99
319,1723,2012-11-01,13,3476,9,252,Brazil,1,0.99,0.99
319,1724,2012-11-01,13,3482,24,257,Brazil,1,0.99,0.99
319,1725,2012-11-01,13,3488,24,263,Brazil,1,0.99,0.99
319,1726,2012-11-01,13,3494,24,267,Brazil,1,0.99,0.99
319,1727,2012-11-01,13,3500,24,272,Brazil,1,0.99,0.99
319,1728,2012-11-01,13,3,1,2,Brazil,1,0.99,0.99
319,1729,2012-11-01,13,9,1,1,Brazil,1,0.99,0.99
319,1730,2012-11-01,13,15,1,1,Brazil,1,0.99,0.99
319,1731,2012-11-01,13,21,1,1,Brazil,1,0.99,0.99
320,1732,2012-11-06,22,30,1,3,USA,1,0.99,0.99
320,1733,2012-11-06,22,39,1,4,USA,1,0.99,0.99
320,1734,2012-11-06,22,48,1,4,USA,1,0.99,0.99
320,1735,2012-11-06,22,57,1,5,USA,1,0.99,0.99
320,1736,2012-11-06,22,66,2,6,USA,1,0.99,0.99
320,1737,2012-11-06,22,75,2,6,USA,1,0.99,0.99
320,1738,2012-11-06,22,84,3,7,USA,1,0.99,0.99
320,1739,2012-11-06,22,93,1,8,USA,1,0.99,0.99
320,1740,2012-11-06,22,102,4,8,USA,1,0.99,0.99
320,1741,2012-11-06,22,111,5,9,USA,1,0.99,0.99
320,1742,2012-11-06,22,120,5,9,USA,1,0.99,0.99
320,1743,2012-11-06,22,129,2,10,USA,1,0.99,0.99
320,1744,2012-11-06,22,138,3,11,USA,1,0.99,0.99
320,1745,2012-11-06,22,147,3,11,USA,1,0.99,0.99
321,1746,2012-11-14,36,161,3,12,Germany,1,0.99,0.99
322,1747,2012-11-27,37,162,3,12,Germany,1,0.99,0.99
322,1748,2012-11-27,37,163,3,12,Germany,1,0.99,0.99
323,1749,2012-11-27,39,165,3,12,France,1,0.99,0.99
323,1750,2012-11-27,39,167,4,13,France,1,0.99,0.99
324,1751,2012-11-28,41,169,4,13,France,1,0.99,0.99
324,1752,2012-11-28,41,171,4,13,France,1,0.99,0.99
324,1753,2012-11-28,41,173,4,13,France,1,0.99,0.99
324,1754,2012-11-28,41,175,4,13,France,1,0.99,0.99
325,1755,2012-11-29,45,179,4,13,Hungary,1,0.99,0.99
325,1756,2012-11-29,45,183,3,14,Hungary,1,0.99,0.99
325,1757,2012-11-29,45,187,3,14,Hungary,1,0.99,0.99
325,1758,2012-11-29,45,191,3,14,Hungary,1,0.99,0.99
325,1759,2012-11-29,45,195,6,15,Hungary,1,0.99,0.99
325,1760,2012-11-29,45,199,6,15,Hungary,1,0.99,0.99
326,1761,2012-12-02,51,205,7,16,Sweden,1,0.99,0.99
326,1762,2012-12-02,51,211,7,16,Sweden,1,0.99,0.99
326,1763,2012-12-02,51,217,7,16,Sweden,1,0.99,0.99
326,1764,2012-12-02,51,223,7,16,Sweden,1,0.99,0.99
326,1765,2012-12-02,51,229,7,17,Sweden,1,0.99,0.99
326,1766,2012-12-02,51,235,7,17,Sweden,1,0.99,0.99
326,1767,2012-12-02,51,241,7,17,Sweden,1,0.99,0.99
326,1768,2012-12-02,51,247,7,18,Sweden,1,0.99,0.99
326,1769,2012-12-02,51,253,7,18,Sweden,1,0.99,0.99
327,1770,2012-12-07,1,262,7,18,Brazil,1,0.99,0.99
327,1771,2012-12-07,1,271,7,18,Brazil,1,0.99,0.99
327,1772,2012-12-07,1,280,7,18,Brazil,1,0.99,0.99
327,1773,2012-12-07,1,289,8,19,Brazil,1,0.99,0.99
327,1774,2012-12-07,1,298,8,19,Brazil,1,0.99,0.99
327,1775,2012-12-07,1,307,8,19,Brazil,1,0.99,0.99
327,1776,2012-12-07,1,316,7,20,Brazil,1,0.99,0.99
327,1777,2012-12-07,1,325,9,21,Brazil,1,0.99,0.99
327,1778,2012-12-07,1,334,9,21,Brazil,1,0.99,0.99
327,1779,2012-12-07,1,343,1,22,Brazil,1,0.99,0.99
327,1780,2012-12-07,1,352,1,23,Brazil,1,0.99,0.99
327,1781,2012-12-07,1,361,10,21,Brazil,1,0.99,0.99
327,1782,2012-12-07,1,370,10,21,Brazil,1,0.99,0.99
327,1783,2012-12-07,1,379,7,24,Brazil,1,0.99,0.99
328,1784,2012-12-15,15,393,7,6,Canada,1,0.99,0.99
329,1785,2012-12-28,16,394,7,6,USA,1,0.99,0.99
329,1786,2012-12-28,16,395,7,6,USA,1,0.99,0.99
330,1787,2012-12-28,18,397,7,6,USA,1,0.99,0.99
330,1788,2012-12-28,18,399,7,6,USA,1,0.99,0.99
331,1789,2012-12-29,20,401,7,6,USA,1,0.99,0.99
331,1790,2012-12-29,20,403,7,6,USA,1,0.99,0.99
331,1791,2012-12-29,20,405,7,6,USA,1,0.99,0.99
331,1792,2012-12-29,20,407,7,6,USA,1,0.99,0.99
332,1793,2012-12-30,24,411,3,50,USA,1,0.99,0.99
332,1794,2012-12-30,24,415,3,50,USA,1,0.99,0.99
332,1795,2012-12-30,24,419,1,51,USA,1,0.99,0.99
332,1796,2012-12-30,24,423,1,51,USA,1,0.99,0.99
332,1797,2012-12-30,24,427,1,51,USA,1,0.99,0.99
332,1798,2012-12-30,24,431,1,51,USA,1,0.99,0.99
333,1799,2013-01-02,30,437,1,52,Canada,1,0.99,0.99
333,1800,2013-01-02,30,443,1,52,Canada,1,0.99,0.99
333,1801,2013-01-02,30,449,1,52,Canada,1,0.99,0.99
333,1802,2013-01-02,30,455,1,52,Canada,1,0.99,0.99
333,1803,2013-01-02,30,461,2,53,Canada,1,0.99,0.99
333,1804,2013-01-02,30,467,2,53,Canada,1,0.99,0.99
333,1805,2013-01-02,30,473,4,54,Canada,1,0.99,0.99
333,1806,2013-01-02,30,479,4,54,Canada,1,0.99,0.99
333,1807,2013-01-02,30,485,4,54,Canada,1,0.99,0.99
334,1808,2013-01-07,39,494,1,55,France,1,0.99,0.99
334,1809,2013-01-07,39,503,7,56,France,1,0.99,0.99
334,1810,2013-01-07,39,512,7,56,France,1,0.99,0.99
334,1811,2013-01-07,39,521,7,17,France,1,0.99,0.99
334,1812,2013-01-07,39,530,4,57,France,1,0.99,0.99
334,1813,2013-01-07,39,539,4,57,France,1,0.99,0.99
334,1814,2013-01-07,39,548,1,58,France,1,0.99,0.99
334,1815,2013-01-07,39,557,7,21,France,1,0.99,0.99
334,1816,2013-01-07,39,566,7,21,France,1,0.99,0.99
334,1817,2013-01-07,39,575,1,59,France,1,0.99,0.99
334,1818,2013-01-07,39,584,7,37,France,1,0.99,0.99
334,1819,2013-01-07,39,593,7,37,France,1,0.99,0.99
334,1820,2013-01-07,39,602,2,68,France,1,0.99,0.99
334,1821,2013-01-07,39,611,2,68,France,1,0.99,0.99
335,1822,2013-01-15,53,625,2,69,United Kingdom,1,0.99,0.99
336,1823,2013-01-28,54,626,2,69,United Kingdom,1,0.99,0.99
336,1824,2013-01-28,54,627,2,69,United Kingdom,1,0.99,0.99
337,1825,2013-01-28,56,629,2,69,Argentina,1,0.99,0.99
337,1826,2013-01-28,56,631,2,69,Argentina,1,0.99,0.99
338,1827,2013-01-29,58,633,2,69,India,1,0.99,0.99
338,1828,2013-01-29,58,635,2,69,India,1,0.99,0.99
338,1829,2013-01-29,58,637,2,69,India,1,0.99,0.99
338,1830,2013-01-29,58,639,2,69,India,1,0.99,0.99
339,1831,2013-01-30,3,643,2,69,Canada,1,0.99,0.99
339,1832,2013-01-30,3,647,11,70,Canada,1,0.99,0.99
339,1833,2013-01-30,3,651,11,70,Canada,1,0.99,0.99
339,1834,2013-01-30,3,655,11,70,Canada,1,0.99,0.99
339,1835,2013-01-30,3,659,11,70,Canada,1,0.99,0.99
339,1836,2013-01-30,3,663,7,21,Canada,1,0.99,0.99
340,1837,2013-02-02,9,669,7,21,Denmark,1,0.99,0.99
340,1838,2013-02-02,9,675,1,76,Denmark,1,0.99,0.99
340,1839,2013-02-02,9,681,1,76,Denmark,1,0.99,0.99
340,1840,2013-02-02,9,687,1,76,Denmark,1,0.99,0.99
340,1841,2013-02-02,9,693,1,76,Denmark,1,0.99,0.99
340,1842,2013-02-02,9,699,1,76,Denmark,1,0.99,0.99
340,1843,2013-02-02,9,705,1,76,Denmark,1,0.99,0.99
340,1844,2013-02-02,9,711,1,76,Denmark,1,0.99,0.99
340,1845,2013-02-02,9,717,7,77,Denmark,1,0.99,0.99
341,1846,2013-02-07,18,726,7,77,USA,1,0.99,0.99
341,1847,2013-02-07,18,735,7,77,USA,1,0.99,0.99
341,1848,2013-02-07,18,744,7,77,USA,1,0.99,0.99
341,1849,2013-02-07,18,753,1,58,USA,1,0.99,0.99
341,1850,2013-02-07,18,762,1,58,USA,1,0.99,0.99
341,1851,2013-02-07,18,771,1,58,USA,1,0.99,0.99
341,1852,2013-02-07,18,780,1,58,USA,1,0.99,0.99
341,1853,2013-02-07,18,789,1,58,USA,1,0.99,0.99
341,1854,2013-02-07,18,798,1,58,USA,1,0.99,0.99
341,1855,2013-02-07,18,807,1,58,USA,1,0.99,0.99
341,1856,2013-02-07,18,816,1,58,USA,1,0.99,0.99
341,1857,2013-02-07,18,825,1,58,USA,1,0.99,0.99
341,1858,2013-02-07,18,834,1,78,USA,1,0.99,0.99
341,1859,2013-02-07,18,843,2,79,USA,1,0.99,0.99
342,1860,2013-02-15,32,857,7,80,Canada,1,0.99,0.99
343,1861,2013-02-28,33,858,7,80,Canada,1,0.99,0.99
343,1862,2013-02-28,33,859,7,80,Canada,1,0.99,0.99
344,1863,2013-02-28,35,861,7,80,Portugal,1,0.99,0.99
344,1864,2013-02-28,35,863,7,80,Portugal,1,0.99,0.99
345,1865,2013-03-01,37,865,7,80,Germany,1,0.99,0.99
345,1866,2013-03-01,37,867,7,80,Germany,1,0.99,0.99
345,1867,2013-03-01,37,869,7,80,Germany,1,0.99,0.99
345,1868,2013-03-01,37,871,7,80,Germany,1,0.99,0.99
346,1869,2013-03-02,41,875,7,80,France,1,0.99,0.99
346,1870,2013-03-02,41,879,7,41,France,1,0.99,0.99
346,1871,2013-03-02,41,883,7,41,France,1,0.99,0.99
346,1872,2013-03-02,41,887,7,41,France,1,0.99,0.99
346,1873,2013-03-02,41,891,6,81,France,1,0.99,0.99
346,1874,2013-03-02,41,895,6,81,France,1,0.99,0.99
347,1875,2013-03-05,47,901,6,81,Italy,1,0.99,0.99
347,1876,2013-03-05,47,907,6,81,Italy,1,0.99,0.99
347,1877,2013-03-05,47,913,6,81,Italy,1,0.99,0.99
347,1878,2013-03-05,47,919,6,81,Italy,1,0.99,0.99
347,1879,2013-03-05,47,925,4,82,Italy,1,0.99,0.99
347,1880,2013-03-05,47,931,4,82,Italy,1,0.99,0.99
347,1881,2013-03-05,47,937,4,82,Italy,1,0.99,0.99
347,1882,2013-03-05,47,943,4,82,Italy,1,0.99,0.99
347,1883,2013-03-05,47,949,1,82,Italy,1,0.99,0.99
348,1884,2013-03-10,56,958,1,82,Argentina,1,0.99,0.99
348,1885,2013-03-10,56,967,4,82,Argentina,1,0.99,0.99
348,1886,2013-03-10,56,976,7,83,Argentina,1,0.99,0.99
348,1887,2013-03-10,56,985,7,83,Argentina,1,0.99,0.99
348,1888,2013-03-10,56,994,1,84,Argentina,1,0.99,0.99
348,1889,2013-03-10,56,1003,1,84,Argentina,1,0.99,0.99
348,1890,2013-03-10,56,1012,4,84,Argentina,1,0.99,0.99
348,1891,2013-03-10,56,1021,1,84,Argentina,1,0.99,0.99
348,1892,2013-03-10,56,1030,1,84,Argentina,1,0.99,0.99
348,1893,2013-03-10,56,1039,12,85,Argentina,1,0.99,0.99
348,1894,2013-03-10,56,1048,12,85,Argentina,1,0.99,0.99
348,1895,2013-03-10,56,1057,7,86,Argentina,1,0.99,0.99
348,1896,2013-03-10,56,1066,7,86,Argentina,1,0.99,0.99
348,1897,2013-03-10,56,1075,10,27,Argentina,1,0.99,0.99
349,1898,2013-03-18,11,1089,7,27,Brazil,1,0.99,0.99
350,1899,2013-03-31,12,1090,7,27,Brazil,1,0.99,0.99
350,1900,2013-03-31,12,1091,7,27,Brazil,1,0.99,0.99
351,1901,2013-03-31,14,1093,7,27,Canada,1,0.99,0.99
351,1902,2013-03-31,14,1095,7,27,Canada,1,0.99,0.99
352,1903,2013-04-01,16,1097,7,27,USA,1,0.99,0.99
352,1904,2013-04-01,16,1099,7,27,USA,1,0.99,0.99
352,1905,2013-04-01,16,1101,7,27,USA,1,0.99,0.99
352,1906,2013-04-01,16,1103,2,27,USA,1,0.99,0.99
353,1907,2013-04-02,20,1107,7,81,USA,1,0.99,0.99
353,1908,2013-04-02,20,1111,7,81,USA,1,0.99,0.99
353,1909,2013-04-02,20,1115,7,81,USA,1,0.99,0.99
353,1910,2013-04-02,20,1119,7,81,USA,1,0.99,0.99
353,1911,2013-04-02,20,1123,3,87,USA,1,0.99,0.99
353,1912,2013-04-02,20,1127,3,87,USA,1,0.99,0.99
354,1913,2013-04-05,26,1133,4,54,USA,1,0.99,0.99
354,1914,2013-04-05,26,1139,4,54,USA,1,0.99,0.99
354,1915,2013-04-05,26,1145,4,54,USA,1,0.99,0.99
354,1916,2013-04-05,26,1151,1,88,USA,1,0.99,0.99
354,1917,2013-04-05,26,1157,1,88,USA,1,0.99,0.99
354,1918,2013-04-05,26,1163,1,88,USA,1,0.99,0.99
354,1919,2013-04-05,26,1169,1,88,USA,1,0.99,0.99
354,1920,2013-04-05,26,1175,3,88,USA,1,0.99,0.99
354,1921,2013-04-05,26,1181,3,88,USA,1,0.99,0.99
355,1922,2013-04-10,35,1190,2,89,Portugal,1,0.99,0.99
355,1923,2013-04-10,35,1199,2,89,Portugal,1,0.99,0.99
355,1924,2013-04-10,35,1208,1,90,Portugal,1,0.99,0.99
355,1925,2013-04-10,35,1217,3,90,Portugal,1,0.99,0.99
355,1926,2013-04-10,35,1226,3,90,Portugal,1,0.99,0.99
355,1927,2013-04-10,35,1235,1,90,Portugal,1,0.99,0.99
355,1928,2013-04-10,35,1244,1,90,Portugal,1,0.99,0.99
355,1929,2013-04-10,35,1253,13,90,Portugal,1,0.99,0.99
355,1930,2013-04-10,35,1262,1,90,Portugal,1,0.99,0.99
355,1931,2013-04-10,35,1271,6,90,Portugal,1,0.99,0.99
355,1932,2013-04-10,35,1280,13,90,Portugal,1,0.99,0.99
355,1933,2013-04-10,35,1289,3,90,Portugal,1,0.99,0.99
355,1934,2013-04-10,35,1298,3,90,Portugal,1,0.99,0.99
355,1935,2013-04-10,35,1307,1,90,Portugal,1,0.99,0.99
356,1936,2013-04-18,49,1321,1,90,Poland,1,0.99,0.99
357,1937,2013-05-01,50,1322,1,90,Spain,1,0.99,0.99
357,1938,2013-05-01,50,1323,1,90,Spain,1,0.99,0.99
358,1939,2013-05-01,52,1325,3,90,United Kingdom,1,0.99,0.99
358,1940,2013-05-01,52,1327,3,90,United Kingdom,1,0.99,0.99
359,1941,2013-05-02,54,1329,3,90,United Kingdom,1,0.99,0.99
359,1942,2013-05-02,54,1331,3,90,United Kingdom,1,0.99,0.99
359,1943,2013-05-02,54,1333,3,90,United Kingdom,1,0.99,0.99
359,1944,2013-05-02,54,1335,3,90,United Kingdom,1,0.99,0.99
360,1945,2013-05-03,58,1339,3,90,India,1,0.99,0.99
360,1946,2013-05-03,58,1343,3,90,India,1,0.99,0.99
360,1947,2013-05-03,58,1347,3,90,India,1,0.99,0.99
360,1948,2013-05-03,58,1351,3,90,India,1,0.99,0.99
360,1949,2013-05-03,58,1355,3,90,India,1,0.99,0.99
360,1950,2013-05-03,58,1359,3,90,India,1,0.99,0.99
361,1951,2013-05-06,5,1365,1,90,Czech Republic,1,0.99,0.99
361,1952,2013-05-06,5,1371,3,90,Czech Republic,1,0.99,0.99
361,1953,2013-05-06,5,1377,3,90,Czech Republic,1,0.99,0.99
361,1954,2013-05-06,5,1383,3,90,Czech Republic,1,0.99,0.99
361,1955,2013-05-06,5,1389,3,90,Czech Republic,1,0.99,0.99
361,1956,2013-05-06,5,1395,1,90,Czech Republic,1,0.99,0.99
361,1957,2013-05-06,5,1401,1,90,Czech Republic,1,0.99,0.99
361,1958,2013-05-06,5,1407,1,90,Czech Republic,1,0.99,0.99
361,1959,2013-05-06,5,1413,1,90,Czech Republic,1,0.99,0.99
362,1960,2013-05-11,14,1422,14,91,Canada,1,0.99,0.99
362,1961,2013-05-11,14,1431,14,91,Canada,1,0.99,0.99
362,1962,2013-05-11,14,1440,1,92,Canada,1,0.99,0.99
362,1963,2013-05-11,14,1449,14,92,Canada,1,0.99,0.99
362,1964,2013-05-11,14,1458,15,92,Canada,1,0.99,0.99
362,1965,2013-05-11,14,1467,4,93,Canada,1,0.99,0.99
362,1966,2013-05-11,14,1476,4,93,Canada,1,0.99,0.99
362,1967,2013-05-11,14,1485,1,94,Canada,1,0.99,0.99
362,1968,2013-05-11,14,1494,1,94,Canada,1,0.99,0.99
362,1969,2013-05-11,14,1503,1,95,Canada,1,0.99,0.99
362,1970,2013-05-11,14,1512,7,46,Canada,1,0.99,0.99
362,1971,2013-05-11,14,1521,7,96,Canada,1,0.99,0.99
362,1972,2013-05-11,14,1530,7,96,Canada,1,0.99,0.99
362,1973,2013-05-11,14,1539,16,97,Canada,1,0.99,0.99
363,1974,2013-05-19,28,1553,3,98,USA,1,0.99,0.99
364,1975,2013-06-01,29,1554,3,98,Canada,1,0.99,0.99
364,1976,2013-06-01,29,1555,3,98,Canada,1,0.99,0.99
365,1977,2013-06-01,31,1557,3,98,Canada,1,0.99,0.99
365,1978,2013-06-01,31,1559,3,98,Canada,1,0.99,0.99
366,1979,2013-06-02,33,1561,3,98,Canada,1,0.99,0.99
366,1980,2013-06-02,33,1563,1,52,Canada,1,0.99,0.99
366,1981,2013-06-02,33,1565,1,52,Canada,1,0.99,0.99
366,1982,2013-06-02,33,1567,1,52,Canada,1,0.99,0.99
367,1983,2013-06-03,37,1571,1,52,Germany,1,0.99,0.99
367,1984,2013-06-03,37,1575,1,52,Germany,1,0.99,0.99
367,1985,2013-06-03,37,1579,1,22,Germany,1,0.99,0.99
367,1986,2013-06-03,37,1583,1,22,Germany,1,0.99,0.99
367,1987,2013-06-03,37,1587,1,22,Germany,1,0.99,0.99
367,1988,2013-06-03,37,1591,1,22,Germany,1,0.99,0.99
368,1989,2013-06-06,43,1597,1,22,France,1,0.99,0.99
368,1990,2013-06-06,43,1603,1,22,France,1,0.99,0.99
368,1991,2013-06-06,43,1609,1,22,France,1,0.99,0.99
368,1992,2013-06-06,43,1615,1,22,France,1,0.99,0.99
368,1993,2013-06-06,43,1621,1,22,France,1,0.99,0.99
368,1994,2013-06-06,43,1627,1,22,France,1,0.99,0.99
368,1995,2013-06-06,43,1633,1,22,France,1,0.99,0.99
368,1996,2013-06-06,43,1639,1,22,France,1,0.99,0.99
368,1997,2013-06-06,43,1645,1,22,France,1,0.99,0.99
369,1998,2013-06-11,52,1654,1,22,United Kingdom,1,0.99,0.99
369,1999,2013-06-11,52,1663,1,22,United Kingdom,1,0.99,0.99
369,2000,2013-06-11,52,1672,7,99,United Kingdom,1,0.99,0.99
369,2001,2013-06-11,52,1681,7,99,United Kingdom,1,0.99,0.99
369,2002,2013-06-11,52,1690,7,99,United Kingdom,1,0.99,0.99
369,2003,2013-06-11,52,1699,7,99,United Kingdom,1,0.99,0.99
369,2004,2013-06-11,52,1708,1,100,United Kingdom,1,0.99,0.99
369,2005,2013-06-11,52,1717,7,101,United Kingdom,1,0.99,0.99
369,2006,2013-06-11,52,1726,7,101,United Kingdom,1,0.99,0.99
369,2007,2013-06-11,52,1735,7,101,United Kingdom,1,0.99,0.99
369,2008,2013-06-11,52,1744,7,101,United Kingdom,1,0.99,0.99
369,2009,2013-06-11,52,1753,1,102,United Kingdom,1,0.99,0.99
369,2010,2013-06-11,52,1762,7,103,United Kingdom,1,0.99,0.99
369,2011,2013-06-11,52,1771,7,103,United Kingdom,1,0.99,0.99
370,2012,2013-06-19,7,1785,14,104,Austria,1,0.99,0.99
371,2013,2013-07-02,8,1786,14,104,Belgium,1,0.99,0.99
371,2014,2013-07-02,8,1787,14,104,Belgium,1,0.99,0.99
372,2015,2013-07-02,10,1789,14,104,Brazil,1,0.99,0.99
372,2016,2013-07-02,10,1791,1,105,Brazil,1,0.99,0.99
373,2017,2013-07-03,12,1793,1,105,Brazil,1,0.99,0.99
373,2018,2013-07-03,12,1795,1,105,Brazil,1,0.99,0.99
373,2019,2013-07-03,12,1797,1,105,Brazil,1,0.99,0.99
373,2020,2013-07-03,12,1799,1,105,Brazil,1,0.99,0.99
374,2021,2013-07-04,16,1803,3,50,USA,1,0.99,0.99
374,2022,2013-07-04,16,1807,3,50,USA,1,0.99,0.99
374,2023,2013-07-04,16,1811,3,50,USA,1,0.99,0.99
374,2024,2013-07-04,16,1815,3,50,USA,1,0.99,0.99
374,2025,2013-07-04,16,1819,3,50,USA,1,0.99,0.99
374,2026,2013-07-04,16,1823,3,50,USA,1,0.99,0.99
375,2027,2013-07-07,22,1829,3,50,USA,1,0.99,0.99
375,2028,2013-07-07,22,1835,3,50,USA,1,0.99,0.99
375,2029,2013-07-07,22,1841,3,50,USA,1,0.99,0.99
375,2030,2013-07-07,22,1847,3,50,USA,1,0.99,0.99
375,2031,2013-07-07,22,1853,3,50,USA,1,0.99,0.99
375,2032,2013-07-07,22,1859,3,50,USA,1,0.99,0.99
375,2033,2013-07-07,22,1865,3,50,USA,1,0.99,0.99
375,2034,2013-07-07,22,1871,3,50,USA,1,0.99,0.99
375,2035,2013-07-07,22,1877,3,50,USA,1,0.99,0.99
376,2036,2013-07-12,31,1886,3,50,Canada,1,0.99,0.99
376,2037,2013-07-12,31,1895,3,50,Canada,1,0.99,0.99
376,2038,2013-07-12,31,1904,2,68,Canada,1,0.99,0.99
376,2039,2013-07-12,31,1913,2,68,Canada,1,0.99,0.99
376,2040,2013-07-12,31,1922,7,42,Canada,1,0.99,0.99
376,2041,2013-07-12,31,1931,7,42,Canada,1,0.99,0.99
376,2042,2013-07-12,31,1940,7,42,Canada,1,0.99,0.99
376,2043,2013-07-12,31,1949,3,106,Canada,1,0.99,0.99
376,2044,2013-07-12,31,1958,16,108,Canada,1,0.99,0.99
376,2045,2013-07-12,31,1967,16,108,Canada,1,0.99,0.99
376,2046,2013-07-12,31,1976,3,109,Canada,1,0.99,0.99
376,2047,2013-07-12,31,1985,3,109,Canada,1,0.99,0.99
376,2048,2013-07-12,31,1994,1,110,Canada,1,0.99,0.99
376,2049,2013-07-12,31,2003,1,110,Canada,1,0.99,0.99
377,2050,2013-07-20,45,2017,1,111,Hungary,1,0.99,0.99
378,2051,2013-08-02,46,2018,1,111,Ireland,1,0.99,0.99
378,2052,2013-08-02,46,2019,1,111,Ireland,1,0.99,0.99
379,2053,2013-08-02,48,2021,1,111,Netherlands,1,0.99,0.99
379,2054,2013-08-02,48,2023,1,111,Netherlands,1,0.99,0.99
380,2055,2013-08-03,50,2025,1,111,Spain,1,0.99,0.99
380,2056,2013-08-03,50,2027,1,111,Spain,1,0.99,0.99
380,2057,2013-08-03,50,2029,1,111,Spain,1,0.99,0.99
380,2058,2013-08-03,50,2031,7,112,Spain,1,0.99,0.99
381,2059,2013-08-04,54,2035,7,112,United Kingdom,1,0.99,0.99
381,2060,2013-08-04,54,2039,7,112,United Kingdom,1,0.99,0.99
381,2061,2013-08-04,54,2043,7,112,United Kingdom,1,0.99,0.99
381,2062,2013-08-04,54,2047,7,113,United Kingdom,1,0.99,0.99
381,2063,2013-08-04,54,2051,7,113,United Kingdom,1,0.99,0.99
381,2064,2013-08-04,54,2055,7,113,United Kingdom,1,0.99,0.99
382,2065,2013-08-07,1,2061,7,113,Brazil,1,0.99,0.99
382,2066,2013-08-07,1,2067,7,113,Brazil,1,0.99,0.99
382,2067,2013-08-07,1,2073,7,113,Brazil,1,0.99,0.99
382,2068,2013-08-07,1,2079,7,113,Brazil,1,0.99,0.99
382,2069,2013-08-07,1,2085,7,113,Brazil,1,0.99,0.99
382,2070,2013-08-07,1,2091,7,113,Brazil,1,0.99,0.99
382,2071,2013-08-07,1,2097,1,114,Brazil,1,0.99,0.99
382,2072,2013-08-07,1,2103,3,114,Brazil,1,0.99,0.99
382,2073,2013-08-07,1,2109,3,114,Brazil,1,0.99,0.99
383,2074,2013-08-12,10,2118,1,115,Brazil,1,0.99,0.99
383,2075,2013-08-12,10,2127,10,116,Brazil,1,0.99,0.99
383,2076,2013-08-12,10,2136,10,116,Brazil,1,0.99,0.99
383,2077,2013-08-12,10,2145,1,117,Brazil,1,0.99,0.99
383,2078,2013-08-12,10,2154,1,118,Brazil,1,0.99,0.99
383,2079,2013-08-12,10,2163,1,118,Brazil,1,0.99,0.99
383,2080,2013-08-12,10,2172,4,118,Brazil,1,0.99,0.99
383,2081,2013-08-12,10,2181,1,118,Brazil,1,0.99,0.99
383,2082,2013-08-12,10,2190,1,118,Brazil,1,0.99,0.99
383,2083,2013-08-12,10,2199,1,118,Brazil,1,0.99,0.99
383,2084,2013-08-12,10,2208,1,118,Brazil,1,0.99,0.99
383,2085,2013-08-12,10,2217,8,100,Brazil,1,0.99,0.99
383,2086,2013-08-12,10,2226,8,100,Brazil,1,0.99,0.99
383,2087,2013-08-12,10,2235,1,120,Brazil,1,0.99,0.99
384,2088,2013-08-20,24,2249,17,121,USA,1,0.99,0.99
385,2089,2013-09-02,25,2250,17,121,USA,1,0.99,0.99
385,2090,2013-09-02,25,2251,17,121,USA,1,0.99,0.99
386,2091,2013-09-02,27,2253,17,121,USA,1,0.99,0.99
386,2092,2013-09-02,27,2255,1,51,USA,1,0.99,0.99
387,2093,2013-09-03,29,2257,1,51,Canada,1,0.99,0.99
387,2094,2013-09-03,29,2259,1,51,Canada,1,0.99,0.99
387,2095,2013-09-03,29,2261,1,51,Canada,1,0.99,0.99
387,2096,2013-09-03,29,2263,1,51,Canada,1,0.99,0.99
388,2097,2013-09-04,33,2267,1,51,Canada,1,0.99,0.99
388,2098,2013-09-04,33,2271,1,51,Canada,1,0.99,0.99
388,2099,2013-09-04,33,2275,1,51,Canada,1,0.99,0.99
388,2100,2013-09-04,33,2279,1,51,Canada,1,0.99,0.99
388,2101,2013-09-04,33,2283,4,122,Canada,1,0.99,0.99
388,2102,2013-09-04,33,2287,4,124,Canada,1,0.99,0.99
389,2103,2013-09-07,39,2293,4,124,France,1,0.99,0.99
389,2104,2013-09-07,39,2299,1,124,France,1,0.99,0.99
389,2105,2013-09-07,39,2305,1,124,France,1,0.99,0.99
389,2106,2013-09-07,39,2311,4,122,France,1,0.99,0.99
389,2107,2013-09-07,39,2317,4,122,France,1,0.99,0.99
389,2108,2013-09-07,39,2323,4,124,France,1,0.99,0.99
389,2109,2013-09-07,39,2329,4,124,France,1,0.99,0.99
389,2110,2013-09-07,39,2335,4,125,France,1,0.99,0.99
389,2111,2013-09-07,39,2341,4,125,France,1,0.99,0.99
390,2112,2013-09-12,48,2350,1,126,Netherlands,1,0.99,0.99
390,2113,2013-09-12,48,2359,4,127,Netherlands,1,0.99,0.99
390,2114,2013-09-12,48,2368,4,127,Netherlands,1,0.99,0.99
390,2115,2013-09-12,48,2377,1,127,Netherlands,1,0.99,0.99
390,2116,2013-09-12,48,2386,1,127,Netherlands,1,0.99,0.99
390,2117,2013-09-12,48,2395,1,127,Netherlands,1,0.99,0.99
390,2118,2013-09-12,48,2404,1,127,Netherlands,1,0.99,0.99
390,2119,2013-09-12,48,2413,1,128,Netherlands,1,0.99,0.99
390,2120,2013-09-12,48,2422,1,59,Netherlands,1,0.99,0.99
390,2121,2013-09-12,48,2431,1,59,Netherlands,1,0.99,0.99
390,2122,2013-09-12,48,2440,1,100,Netherlands,1,0.99,0.99
390,2123,2013-09-12,48,2449,1,130,Netherlands,1,0.99,0.99
390,2124,2013-09-12,48,2458,1,130,Netherlands,1,0.99,0.99
390,2125,2013-09-12,48,2467,1,130,Netherlands,1,0.99,0.99
391,2126,2013-09-20,3,2481,4,131,Canada,1,0.99,0.99
392,2127,2013-10-03,4,2482,4,131,Norway,1,0.99,0.99
392,2128,2013-10-03,4,2483,4,131,Norway,1,0.99,0.99
393,2129,2013-10-03,6,2485,4,131,Czech Republic,1,0.99,0.99
393,2130,2013-10-03,6,2487,4,131,Czech Republic,1,0.99,0.99
394,2131,2013-10-04,8,2489,4,131,Belgium,1,0.99,0.99
394,2132,2013-10-04,8,2491,4,131,Belgium,1,0.99,0.99
394,2133,2013-10-04,8,2493,4,131,Belgium,1,0.99,0.99
394,2134,2013-10-04,8,2495,4,131,Belgium,1,0.99,0.99
395,2135,2013-10-05,12,2499,4,131,Brazil,1,0.99,0.99
395,2136,2013-10-05,12,2503,4,131,Brazil,1,0.99,0.99
395,2137,2013-10-05,12,2507,1,132,Brazil,1,0.99,0.99
395,2138,2013-10-05,12,2511,1,132,Brazil,1,0.99,0.99
395,2139,2013-10-05,12,2515,1,132,Brazil,1,0.99,0.99
395,2140,2013-10-05,12,2519,1,132,Brazil,1,0.99,0.99
396,2141,2013-10-08,18,2525,2,53,USA,1,0.99,0.99
396,2142,2013-10-08,18,2531,2,53,USA,1,0.99,0.99
396,2143,2013-10-08,18,2537,6,133,USA,1,0.99,0.99
396,2144,2013-10-08,18,2543,1,134,USA,1,0.99,0.99
396,2145,2013-10-08,18,2549,1,134,USA,1,0.99,0.99
396,2146,2013-10-08,18,2555,3,135,USA,1,0.99,0.99
396,2147,2013-10-08,18,2561,3,135,USA,1,0.99,0.99
396,2148,2013-10-08,18,2567,1,136,USA,1,0.99,0.99
396,2149,2013-10-08,18,2573,6,137,USA,1,0.99,0.99
397,2150,2013-10-13,27,2582,6,137,USA,1,0.99,0.99
397,2151,2013-10-13,27,2591,4,138,USA,1,0.99,0.99
397,2152,2013-10-13,27,2600,4,138,USA,1,0.99,0.99
397,2153,2013-10-13,27,2609,1,139,USA,1,0.99,0.99
397,2154,2013-10-13,27,2618,1,139,USA,1,0.99,0.99
397,2155,2013-10-13,27,2627,1,139,USA,1,0.99,0.99
397,2156,2013-10-13,27,2636,1,139,USA,1,0.99,0.99
397,2157,2013-10-13,27,2645,1,140,USA,1,0.99,0.99
397,2158,2013-10-13,27,2654,1,141,USA,1,0.99,0.99
397,2159,2013-10-13,27,2663,1,141,USA,1,0.99,0.99
397,2160,2013-10-13,27,2672,1,142,USA,1,0.99,0.99
397,2161,2013-10-13,27,2681,1,142,USA,1,0.99,0.99
397,2162,2013-10-13,27,2690,1,142,USA,1,0.99,0.99
397,2163,2013-10-13,27,2699,1,142,USA,1,0.99,0.99
398,2164,2013-10-21,41,2713,4,143,France,1,0.99,0.99
399,2165,2013-11-03,42,2714,4,143,France,1,0.99,0.99
399,2166,2013-11-03,42,2715,4,143,France,1,0.99,0.99
400,2167,2013-11-03,44,2717,4,143,Finland,1,0.99,0.99
400,2168,2013-11-03,44,2719,4,143,Finland,1,0.99,0.99
401,2169,2013-11-04,46,2721,4,143,Ireland,1,0.99,0.99
401,2170,2013-11-04,46,2723,4,143,Ireland,1,0.99,0.99
401,2171,2013-11-04,46,2725,4,143,Ireland,1,0.99,0.99
401,2172,2013-11-04,46,2727,4,143,Ireland,1,0.99,0.99
402,2173,2013-11-05,50,2731,1,144,Spain,1,0.99,0.99
402,2174,2013-11-05,50,2735,1,144,Spain,1,0.99,0.99
402,2175,2013-11-05,50,2739,1,144,Spain,1,0.99,0.99
402,2176,2013-11-05,50,2743,1,144,Spain,1,0.99,0.99
402,2177,2013-11-05,50,2747,1,144,Spain,1,0.99,0.99
402,2178,2013-11-05,50,2751,7,145,Spain,1,0.99,0.99
403,2179,2013-11-08,56,2757,7,145,Argentina,1,0.99,0.99
403,2180,2013-11-08,56,2763,7,145,Argentina,1,0.99,0.99
403,2181,2013-11-08,56,2769,7,145,Argentina,1,0.99,0.99
403,2182,2013-11-08,56,2775,7,145,Argentina,1,0.99,0.99
403,2183,2013-11-08,56,2781,4,146,Argentina,1,0.99,0.99
403,2184,2013-11-08,56,2787,4,146,Argentina,1,0.99,0.99
403,2185,2013-11-08,56,2793,4,146,Argentina,1,0.99,0.99
403,2186,2013-11-08,56,2799,4,146,Argentina,1,0.99,0.99
403,2187,2013-11-08,56,2805,4,146,Argentina,1,0.99,0.99
404,2188,2013-11-13,6,2814,4,146,Czech Republic,1,0.99,0.99
404,2189,2013-11-13,6,2823,19,147,Czech Republic,1,1.99,1.99
404,2190,2013-11-13,6,2832,18,147,Czech Republic,1,1.99,1.99
404,2191,2013-11-13,6,2841,21,148,Czech Republic,1,1.99,1.99
404,2192,2013-11-13,6,2850,21,148,Czech Republic,1,1.99,1.99
404,2193,2013-11-13,6,2859,19,149,Czech Republic,1,1.99,1.99
404,2194,2013-11-13,6,2868,19,149,Czech Republic,1,1.99,1.99
404,2195,2013-11-13,6,2877,19,149,Czech Republic,1,1.99,1.99
404,2196,2013-11-13,6,2886,21,149,Czech Republic,1,1.99,1.99
404,2197,2013-11-13,6,2895,21,149,Czech Republic,1,1.99,1.99
404,2198,2013-11-13,6,2904,19,149,Czech Republic,1,1.99,1.99
404,2199,2013-11-13,6,2913,19,149,Czech Republic,1,1.99,1.99
404,2200,2013-11-13,6,2922,21,149,Czech Republic,1,1.99,1.99
404,2201,2013-11-13,6,2931,1,150,Czech Republic,1,0.99,0.99
405,2202,2013-11-21,20,2945,1,150,USA,1,0.99,0.99
406,2203,2013-12-04,21,2946,1,150,USA,1,0.99,0.99
406,2204,2013-12-04,21,2947,1,150,USA,1,0.99,0.99
407,2205,2013-12-04,23,2949,1,150,USA,1,0.99,0.99
407,2206,2013-12-04,23,2951,1,150,USA,1,0.99,0.99
408,2207,2013-12-05,25,2953,1,150,USA,1,0.99,0.99
408,2208,2013-12-05,25,2955,1,150,USA,1,0.99,0.99
408,2209,2013-12-05,25,2957,1,150,USA,1,0.99,0.99
408,2210,2013-12-05,25,2959,1,150,USA,1,0.99,0.99
409,2211,2013-12-06,29,2963,1,150,Canada,1,0.99,0.99
409,2212,2013-12-06,29,2967,1,150,Canada,1,0.99,0.99
409,2213,2013-12-06,29,2971,1,150,Canada,1,0.99,0.99
409,2214,2013-12-06,29,2975,1,150,Canada,1,0.99,0.99
409,2215,2013-12-06,29,2979,1,150,Canada,1,0.99,0.99
409,2216,2013-12-06,29,2983,1,150,Canada,1,0.99,0.99
410,2217,2013-12-09,35,2989,1,150,Portugal,1,0.99,0.99
410,2218,2013-12-09,35,2995,1,150,Portugal,1,0.99,0.99
410,2219,2013-12-09,35,3001,1,150,Portugal,1,0.99,0.99
410,2220,2013-12-09,35,3007,1,150,Portugal,1,0.99,0.99
410,2221,2013-12-09,35,3013,1,150,Portugal,1,0.99,0.99
410,2222,2013-12-09,35,3019,1,150,Portugal,1,0.99,0.99
410,2223,2013-12-09,35,3025,1,150,Portugal,1,0.99,0.99
410,2224,2013-12-09,35,3031,1,150,Portugal,1,0.99,0.99
410,2225,2013-12-09,35,3037,1,150,Portugal,1,0.99,0.99
411,2226,2013-12-14,44,3046,8,151,Finland,1,0.99,0.99
411,2227,2013-12-14,44,3055,1,152,Finland,1,0.99,0.99
411,2228,2013-12-14,44,3064,1,152,Finland,1,0.99,0.99
411,2229,2013-12-14,44,3073,1,152,Finland,1,0.99,0.99
411,2230,2013-12-14,44,3082,1,152,Finland,1,0.99,0.99
411,2231,2013-12-14,44,3091,1,152,Finland,1,0.99,0.99
411,2232,2013-12-14,44,3100,1,152,Finland,1,0.99,0.99
411,2233,2013-12-14,44,3109,1,153,Finland,1,0.99,0.99
411,2234,2013-12-14,44,3118,7,72,Finland,1,0.99,0.99
411,2235,2013-12-14,44,3127,7,72,Finland,1,0.99,0.99
411,2236,2013-12-14,44,3136,3,100,Finland,1,0.99,0.99
411,2237,2013-12-14,44,3145,3,100,Finland,1,0.99,0.99
411,2238,2013-12-14,44,3154,7,155,Finland,1,0.99,0.99
411,2239,2013-12-14,44,3163,7,155,Finland,1,0.99,0.99
412,2240,2013-12-22,58,3177,19,156,India,1,1.99,1.99
